,User ID,Sequence
0,AMsySZY-HeT-J6RIbx-Cw04r22mJ,AD3-AD1
1,AMsySZY05dwACHMiM3BNz9VeYVF0,AD1-AD1
2,AMsySZY0HeJU-gbo6RvBryiHiAEY,AD1-AD4-AD1
3,AMsySZY0T1KM8vkq63zmVE2vii_B,AD3-AD3
4,AMsySZY1NfLpZW3ARhkf_N3vZW-3,AD2-AD2
5,AMsySZY1RzESYUaXq0VbX3ZUgCEQ,AD2-AD2
6,AMsySZY1_blzgiTbYFuh9KTxF1HQ,AD4-AD2
7,AMsySZY1cBoWOIq-KIgL_YZblazs,AD3-AD1
8,AMsySZY2WUTJHxn5pQE5A7BqaFo9,AD1-AD1
9,AMsySZY2buPpwU_nsVUvpUzHTE6l,AD3-AD1
10,AMsySZY35DPlnuQHqBFGooc5MhyP,AD2-AD2
11,AMsySZY3CWH8D_deJkspCx99vGKN,AD4-AD4
12,AMsySZY3FnYahiSiNjU2BJc61XyI,AD3-AD3
13,AMsySZY422YQGPCUhiFvR0pZbp1n,AD4-AD3
14,AMsySZY44HN8fX-PAIGZFUgg_wBL,AD3-AD3
15,AMsySZY5lgZO18nPFBCyn4l7Re0q,AD1-AD1-AD4
16,AMsySZY6OUMfRYgO5zOwGsITVP3H,AD3-AD3
17,AMsySZY6Qc0iECxD1GSkUdhUKO_3,AD1-AD1
18,AMsySZY6ZG80ZATPnVpv53LMddRl,AD3-AD2
19,AMsySZY7DnzElmEP318oMiUHrKWs,AD2-AD2
20,AMsySZY7Lq7RWbuyqeT_rnCn9213,AD4-AD4
21,AMsySZY7YzrWHcBLMuJyeBIb-obo,AD2-AD2
22,AMsySZY8zrQ2frxrGEGPlODWA6np,AD2-AD2-AD2
23,AMsySZY9IXQhYAgGzRqARLWM6wE0,AD4-AD4
24,AMsySZYAPUFEBs-T52yrGKL7NVgL,AD1-AD2
25,AMsySZYAdS1Z4iPc6waqtutWVVeG,AD2-AD4-AD3
26,AMsySZYAqGcRmbIiIyIK-FC-juz0,AD2-AD2
27,AMsySZYB995mc7iaJbYnJFray5mN,AD4-AD4
28,AMsySZYCKolH1BG4pYGhcP7xZ8cy,AD4-AD2-AD2-AD1-AD2-AD3
29,AMsySZYCmtZT99L4UrmiUmAYC47f,AD2-AD1
30,AMsySZYCodia_aNImBan_iXg7rxh,AD3-AD3
31,AMsySZYD2pmdegQzg9SdY02jUC31,AD2-AD2
32,AMsySZYDQ1KQogAM-9CuBPETrLQv,AD2-AD3
33,AMsySZYEI3zT9JVrKb-uYROqrrYO,AD4-AD4
34,AMsySZYEXhRxOXAzB-ytnYlA4wpK,AD4-AD4
35,AMsySZYF0Y7wDnyuiCuvkIeHPf0v,AD4-AD1
36,AMsySZYFk0oCCtXE5C11nfQELBsy,AD4-AD4
37,AMsySZYG0avSGgwnQk-AQIi4zEMx,AD4-AD4
38,AMsySZYG3SVSlciUUeILYjiSz6fg,AD4-AD4
39,AMsySZYGLaNMvMEBH42_9E91Skd3,AD1-AD2
40,AMsySZYGZdm5R9s6llm-8l78zG53,AD3-AD1-AD1
41,AMsySZYGkVb108VqwK5RWUGNurJR,AD2-AD1
42,AMsySZYH2RalgGXEzHQXuqugvmz0,AD3-AD2
43,AMsySZYHLRPkW87tqqjKiswPfxlq,AD2-AD1-AD2-AD2
44,AMsySZYHzktcpbooeB2MyM7zsSK7,AD2-AD3-AD3-AD2
45,AMsySZYIJP_eQJTHHmsvDzfvRhxc,AD4-AD4
46,AMsySZYI_yxLGuMAZk-fTiAm-xP7,AD2-AD1
47,AMsySZYJ-xXdhtrQlpomzlLJHrH0,AD2-AD3
48,AMsySZYJBXr5x1lQn3uAtesGJImD,AD3-AD1
49,AMsySZYJC4cQOG6zu4AgN5BmfZrj,AD4-AD3
50,AMsySZYKQXsBb9pfZe62P6qFxq3I,AD4-AD1
51,AMsySZYKgCF_hM52ay6GyCEKjIK6,AD1-AD1-AD3
52,AMsySZYL5GUxq5QMeiMQ2wvS_f2w,AD4-AD4
53,AMsySZYMGN4bf_lZFcWziwswdB2R,AD3-AD3
54,AMsySZYN0gvbJ5ooQZrzgicRe4mT,AD3-AD3
55,AMsySZYN3o6Ryznlcsj2Jh79xylO,AD2-AD3
56,AMsySZYNMRSYRZraQpxDg2wtWUXX,AD2-AD2
57,AMsySZYNxgZ-dLKxChXAdx-ezjlj,AD4-AD4
58,AMsySZYOC58apeOf04WgbzBSIG8W,AD3-AD4-AD3
59,AMsySZYOQZQamY2xH3y1_0724zze,AD2-AD2
60,AMsySZYOiQd2skHNAeMp4pVV31ik,AD2-AD2
61,AMsySZYP0qd5mYosNUFGoRry3SvW,AD3-AD2
62,AMsySZYPs45TgnQR1-2qZtDYLWEb,AD3-AD1
63,AMsySZYQ9D8Q0lCJAn2QZcfK7DXV,AD3-AD2
64,AMsySZYQch3E1zpVxAAb2cj2qoCU,AD1-AD2
65,AMsySZYQnEW89La3JWRcciQvqo6Y,AD4-AD2-AD1
66,AMsySZYQwTl3e2knyUzINR9H3spA,AD1-AD2-AD2-AD1-AD2
67,AMsySZYROELqs5D516kibP-lt2tm,AD4-AD4
68,AMsySZYRb5wPryuNh3zFGCz1wcKR,AD2-AD1
69,AMsySZYReW0Fe0oFR7pfSxNajlAN,AD2-AD2
70,AMsySZYT4jfIrW4Kv91HQA8deJNj,AD3-AD3
71,AMsySZYT6OTkCR9ZMDI3L8OIKlx6,AD2-AD3
72,AMsySZYTIpU8Bdk2wif3N1Fr-2lE,AD2-AD4
73,AMsySZYTPikCcQ0iBjsWIoK8Nl2o,AD3-AD3
74,AMsySZYTS07B4GTly_2RH3wH16QH,AD2-AD1-AD2
75,AMsySZYThoGF1ZF05mKKyBaBZR7G,AD2-AD4-AD4
76,AMsySZYUMI9J-DWDSkEw5kBVZ30x,AD4-AD2-AD2
77,AMsySZYUjZNrhL_ML_GJS7GXusEB,AD4-AD1
78,AMsySZYV2A1eIaMnwmQ59SN36Rnd,AD2-AD2-AD2-AD2
79,AMsySZYVEBHNo1sMJRT8PqYt4cX2,AD3-AD3
80,AMsySZYVJ83zajLIpD0YO48AMZSY,AD3-AD3
81,AMsySZYVOc5OUnSMBiI16D_Iek13,AD1-AD2
82,AMsySZYVxSQsJSc1Jhqas9GaVIVr,AD2-AD3-AD3
83,AMsySZYW59zLf03rwOXthzGYxC2l,AD1-AD3
84,AMsySZYXDBeSU-tLoZKbXJmBQqQk,AD1-AD4
85,AMsySZYXYrFtHJRLVCwdAUfw8_oV,AD2-AD1
86,AMsySZYXraGz-c6i9i-NYlDyKU_s,AD1-AD1
87,AMsySZYXzQu2UCnnfW4Awt1u2Lmq,AD4-AD1
88,AMsySZYYDgouEk1AV4WUxAFP0Pbo,AD4-AD3
89,AMsySZYYygyI43q5DSQx1fbLybcq,AD1-AD3-AD2-AD4
90,AMsySZYZJmnFeFqiDJHmBRHL9gwA,AD3-AD3
91,AMsySZYZSaq1Dpp39OGQaaobV6yX,AD1-AD3-AD3
92,AMsySZYZWA_N4GHzJ60LUdojale6,AD3-AD1
93,AMsySZYZc_NQFxl1lKkvGO5kbQBz,AD1-AD1
94,AMsySZYZmoJ3aX7DNmU6Gj1svrGU,AD4-AD1
95,AMsySZY_tSHKTINLWWSiam9_DAZ_,AD2-AD2
96,AMsySZYayshW9G_5N5cDqKr27dzS,AD4-AD4-AD3
97,AMsySZYb3INnEkx343cMr5AKVXNs,AD3-AD1-AD2
98,AMsySZYb8TW7fk6Qn5GkcUn8RYz_,AD4-AD4-AD4
99,AMsySZYbQQDZlqdezjpFx2Tc0NHR,AD2-AD2
100,AMsySZYbmPm5qjr06MZhhUvwxs6q,AD2-AD2
101,AMsySZYbv40OCIqv9d2PZpyQksAY,AD3-AD2-AD4
102,AMsySZYd-r9pDsXd8H8hJnukTnfD,AD2-AD2
103,AMsySZYdW0c4lj5Al2jVIpeYDtxg,AD4-AD4
104,AMsySZYeVamcgNfe2GbgIZrO62bO,AD1-AD1
105,AMsySZYekgQHityx_LmuOuawGycR,AD3-AD1-AD1-AD2-AD2-AD2
106,AMsySZYfNAeSQqyvwzFw2Agsh8iZ,AD3-AD1
107,AMsySZYhGvptt0nt4gvliiSek5do,AD2-AD1
108,AMsySZYhmOvHzsAVAWsweQxbk55G,AD3-AD3-AD1-AD3
109,AMsySZYj7bcQ_SPWY_OsnQZkNaS9,AD1-AD1
110,AMsySZYjD_sWyPKzfTGHQjt6WK1s,AD4-AD4
111,AMsySZYjNBAf4gx-d6sp0OV28qX6,AD1-AD3
112,AMsySZYje9BnRpPBaaJGcE1IsFi2,AD2-AD2
113,AMsySZYjvzrdWpiBfQL6HPcUCv9D,AD1-AD4
114,AMsySZYk-EPHTMADBe6lidIl-aej,AD1-AD1
115,AMsySZYkCCwIOXbMIRCMMm-NHFj-,AD2-AD2
116,AMsySZYkVCWWycUmpZftozhhvai4,AD1-AD1
117,AMsySZYkVwJxTIO6zC6WCebHX3FH,AD4-AD4
118,AMsySZYkhwmEV6NIaod1AjlEkO_H,AD1-AD1
119,AMsySZYkvIjiV_4QKlP51NrNt7pH,AD1-AD3
120,AMsySZYkvz9bwLNrmhtpi0Y5tqZy,AD1-AD2
121,AMsySZYky7K7EXEEnE_v72bV50bh,AD3-AD1
122,AMsySZYlC5d8sOkpB9WzVgAGdHON,AD4-AD4
123,AMsySZYmk3GIcN-n6FYvvIWDJWDJ,AD1-AD1
124,AMsySZYn9_sFwoChkpmi2QGmoJlG,AD3-AD2
125,AMsySZYnVLLFhPlpzD46ST-VYe0h,AD2-AD2
126,AMsySZYp6SFMaQqZ1sMQEq_8iaUA,AD2-AD4
127,AMsySZYpdwG7JZ9nIYckyyB0uQEg,AD1-AD2-AD2
128,AMsySZYqKvHsUT7lyqiw3LmsjD_b,AD2-AD2-AD3
129,AMsySZYqVgRc_ZMDSBgtmnJProox,AD3-AD2-AD4
130,AMsySZYqnrqe_6mqMDS0VmLO-NcL,AD2-AD2
131,AMsySZYqoMuTWh3YuQkdGgv501NG,AD1-AD3
132,AMsySZYr7hrkeGgqTwL848z8W_I7,AD1-AD1
133,AMsySZYrEVJyTcsfT-Aos5UPwqC8,AD2-AD2
134,AMsySZYrVVZXFTOPLWL2FQAoClMq,AD1-AD1
135,AMsySZYrsq0P1KvmUvpJ4sZ0cTxr,AD2-AD1
136,AMsySZYsJh_NkpUFN2Ag9H1PhyOf,AD3-AD3-AD3-AD3
137,AMsySZYtQV4jGQ_amVVIG1U5sxqT,AD4-AD1
138,AMsySZYuHlALP2S8QN7bRvJwRpRf,AD1-AD1-AD3
139,AMsySZYuKdRCLnZrWDRZfpeR2A2B,AD1-AD1
140,AMsySZYwL_cCT_-jKdkAwscvvgzk,AD2-AD2
141,AMsySZYwTXmXwdss7Pxx1IdyNwww,AD4-AD1-AD2
142,AMsySZYx67wnryOZ7jSeF_cggUTg,AD1-AD1
143,AMsySZYxMNRkaBd__dJZzIcskz7C,AD1-AD1
144,AMsySZYxYdLcQQqTQKlSWjw71EOW,AD3-AD4-AD4-AD1-AD1-AD4-AD3
145,AMsySZYxiRWjayE87GqBmpplcKjV,AD3-AD3
146,AMsySZYxzyIFhIH3hyocddJRcxLH,AD2-AD1
147,AMsySZYy2bGg2-RMPdO31EVCNXj0,AD1-AD3
148,AMsySZYzRfRCwluBvzFRVGJzpww0,AD3-AD1
149,AMsySZYzi8WvnPBEE6pfew1ZziHI,AD2-AD2
150,AMsySZZ-ETq3h6MrbUIDRkA9U-YT,AD4-AD2
151,AMsySZZ-_4VJFQWWzem3GP8Aejoo,AD4-AD2-AD2-AD3-AD1
152,AMsySZZ-nHaSUxkR_rCmyjgs8Y2P,AD1-AD3
153,AMsySZZ0I8TdPPTFwuilTY3CKeRr,AD1-AD1
154,AMsySZZ0SBs2rumRH-LQhYGiby0W,AD3-AD3
155,AMsySZZ1c0Sf_iqdf0eJEcVTGD5P,AD2-AD2
156,AMsySZZ2DHE5iMTfYyMIT6qpbIUa,AD3-AD2
157,AMsySZZ2EULnYU0bKfzzv7cS8aqm,AD1-AD2
158,AMsySZZ3-zuP8UW40U5bMZvVdQby,AD1-AD1
159,AMsySZZ35ptXIXuM6WFM4_n7YBwH,AD3-AD3
160,AMsySZZ3DZjPGNTePPWUwvEUvWcF,AD3-AD3
161,AMsySZZ3F69tyDJ7fSi143TgkkG0,AD2-AD2
162,AMsySZZ3HM3JJxV_wiCVvuLRPbFo,AD3-AD3-AD3-AD1
163,AMsySZZ3ZxGQA0lDdOdxkaRyLRKw,AD1-AD1
164,AMsySZZ3oi14NAiKW_PE3_ZqxUPD,AD1-AD1-AD1
165,AMsySZZ4Y8wQ_kUd5nihxKIhn16r,AD3-AD1
166,AMsySZZ4_UcPn-5-0hvrmFkpCcFq,AD2-AD4
167,AMsySZZ4z1vzWWsGM2t2HLjx8p0l,AD2-AD2-AD2-AD4
168,AMsySZZ5-hylJjGBuUPVTrNIzdud,AD4-AD3
169,AMsySZZ5CZInnNDdtXI3XPkl1ekR,AD4-AD3
170,AMsySZZ5Hxk-EcCHwyODRv9UyQFa,AD1-AD1-AD1
171,AMsySZZ5VMbf2Es6BHumw0wFDMMb,AD2-AD2
172,AMsySZZ5WUO45Mr2no2ngLVpbeaj,AD2-AD2
173,AMsySZZ5eT3f1bq7fUTwDW-88rx5,AD4-AD3
174,AMsySZZ6heuNAUGxuvuGajkhc3Jr,AD1-AD3
175,AMsySZZ6tlEgeA8m0RXEAYBdw-IX,AD1-AD3
176,AMsySZZ6yTLiuThVyM4irvIykXv_,AD3-AD2
177,AMsySZZ7IV_7KBDaVD3haXHR5oK2,AD1-AD2
178,AMsySZZ85WC6wHtgxPY6j73G_X0H,AD3-AD3
179,AMsySZZ8OBjyaO5INWuzjSFj5eVV,AD4-AD3
180,AMsySZZ8f-VWglSiU6f9s0S7Q8pQ,AD1-AD3
181,AMsySZZ8hyhdra2-WKOWK8rVTQ3I,AD2-AD2
182,AMsySZZ8vsTvPT-S5FcEPpBzlPPB,AD2-AD3
183,AMsySZZAPFpzyeovSa_k3DSEA75S,AD2-AD4
184,AMsySZZB8S1ytEzUgJlJtn5T2XD0,AD2-AD2
185,AMsySZZBtCHN__9H7ldi-v4EVUty,AD3-AD1
186,AMsySZZC5QdWrmi4mEln0gureQBN,AD2-AD2
187,AMsySZZCb9hhCimtHJpJlmPUqXLx,AD2-AD3
188,AMsySZZCrysBxS0McxRAogHkmybH,AD2-AD4-AD3
189,AMsySZZDMqWmDJikvd47NIzcbD_K,AD2-AD2
190,AMsySZZDlKvxJV43taeDSynFWTey,AD2-AD2-AD2-AD2-AD2
191,AMsySZZEDgLAB2bmiWXSTzNbnLpu,AD2-AD2
192,AMsySZZEw4XhDdyCzdYImwPTEiQv,AD3-AD3-AD2-AD3-AD2
193,AMsySZZFAbo8qB_uYrNvpWXplzmg,AD3-AD3-AD2-AD2-AD1-AD1-AD4
194,AMsySZZFs8xUKFNFn8XutQprq-6M,AD2-AD1-AD4
195,AMsySZZGmlLk_3eAG1pjr0PcET0m,AD4-AD4
196,AMsySZZHFft0zLHLQm1E1uvcsq0R,AD2-AD2
197,AMsySZZHFyagzjJ-v-Qv55D6Gevt,AD1-AD4
198,AMsySZZHUeCCSAzW_Z7re_oZ3dUE,AD4-AD3
199,AMsySZZHhKfcRaJd2InBUFLZbvPh,AD3-AD1
200,AMsySZZI-4hemy1Rpl36Y8Q_l6jb,AD2-AD4
201,AMsySZZI4m3ygwQmUxM7noK6oo3X,AD2-AD3
202,AMsySZZIDUeHN7OIl1k9ka4G8oBN,AD1-AD4
203,AMsySZZILjnzIzP0ZittUuX-1U-A,AD2-AD2
204,AMsySZZIV3tICXVOQUhpN96r_l_3,AD2-AD2
205,AMsySZZIqp8EsGoT5XGJ0zsTHvec,AD2-AD2
206,AMsySZZJ30GXpE9aKc00ohFVjI1g,AD2-AD3
207,AMsySZZJFB6Kw4H15cCBGlD6JqVB,AD3-AD1
208,AMsySZZJT-x4xHP0vUqILmKj-_w7,AD2-AD3
209,AMsySZZJXTa4DmSGE8jbgR0rlIE6,AD3-AD3
210,AMsySZZJpYw8wxtFvzqkPxewwlOI,AD4-AD3
211,AMsySZZKJtbmb3WAgz9_FgjPFmIA,AD3-AD2
212,AMsySZZKdVLu_LFvouOOBqqembay,AD4-AD1
213,AMsySZZKqVOifXFecsHuYnCyGFjm,AD4-AD3
214,AMsySZZL9UTMn93tkWJVNQv_7wAV,AD2-AD2
215,AMsySZZLR9xoY0e0fS1tY3CaSF1B,AD1-AD1-AD1
216,AMsySZZMUfDAkQTqjhbDpvM008zJ,AD1-AD4
217,AMsySZZM_zqaQ0aHihFsS9Idmwpa,AD1-AD1
218,AMsySZZMg57xxNr_hVOIN4WoQWti,AD3-AD1
219,AMsySZZMuevawwYAp9ljreRaVypn,AD3-AD3
220,AMsySZZN4Erf72tw6-VlKJK9cBSA,AD3-AD1
221,AMsySZZNpvGXVIvofXqXahWrZzVH,AD2-AD2
222,AMsySZZO7ExgcyGRK1vzQvqv5HDA,AD4-AD3
223,AMsySZZOaSsPlgM37Ny1HxVggT9y,AD2-AD2
224,AMsySZZP1z2Tdip1V355FZKxEDnT,AD1-AD3
225,AMsySZZP5cQBbqqx3wyhPJgWEFVV,AD2-AD2-AD2
226,AMsySZZPhdyYVh082SSoKMMciM0e,AD2-AD1-AD3-AD3
227,AMsySZZPwbFt17pCF_K8khSW8YcG,AD3-AD2-AD3
228,AMsySZZQIE9fnq_DIxgBfx0ErfEB,AD1-AD4
229,AMsySZZQRBWmWd9C9fJydb7fRqJ0,AD2-AD2
230,AMsySZZR-eKG_C6-IX54u9GGHOOG,AD2-AD1
231,AMsySZZSeK3pEwl8GQ9ebQBCVMWK,AD2-AD2-AD2
232,AMsySZZShBWzolLojNPZ9wwoPGZ3,AD2-AD3
233,AMsySZZShIlL-aJ_Cuw9dxRdzLFN,AD2-AD2
234,AMsySZZSqnp_2XBTsf_gKOAfNTMU,AD3-AD2-AD4-AD3-AD1
235,AMsySZZSz7qbHm91qfTIxQ6-NrVt,AD2-AD2
236,AMsySZZT3GjJCqDYzerzHMdN5pus,AD2-AD2
237,AMsySZZTNBURd1IN2J8qWuQTPhtH,AD2-AD2
238,AMsySZZTsPjXtT1khZIfjGv1skcR,AD4-AD1
239,AMsySZZTsn39Uj2MHB2pURcCvPpP,AD4-AD2-AD4-AD2-AD4
240,AMsySZZTuf5ianLRk1c_20Wiyboe,AD4-AD2
241,AMsySZZU0i5VLj0iTC6DzTAW6L5E,AD4-AD3
242,AMsySZZUgIy_d51FwQHulCZQ3GNr,AD1-AD1-AD1
243,AMsySZZW-CnbI9pemYbq19IQiH_p,AD1-AD2
244,AMsySZZWSKh13DUCOxYAwky69yaM,AD2-AD2
245,AMsySZZXGjVbC2CAoRmgNM4sJoEU,AD3-AD1
246,AMsySZZXSAriUNduV-pF0XgtCD1H,AD4-AD2
247,AMsySZZXjNsB14IeSw0UD8UCV3Kq,AD2-AD1
248,AMsySZZYuxvuZKEakpvyaoHp2GDr,AD2-AD1
249,AMsySZZZ-vTtqknsWpYWr-ZZayQr,AD2-AD3-AD1
250,AMsySZZZKIYaxl3KPAP4akE_yZaz,AD2-AD2
251,AMsySZZ_ltiAj6wYjLEtuB4A4Htz,AD1-AD4
252,AMsySZZaYDuZPV4PhRLH_Ww2sSea,AD4-AD4-AD2
253,AMsySZZaytY3RyrXornzkCQggiUB,AD2-AD2
254,AMsySZZazzAhMn9lX_gJZLfXeKqn,AD3-AD4
255,AMsySZZbGFX6d3Z67Mm-GYf9QrVL,AD1-AD4
256,AMsySZZc21HGedJpaVIKIr2YWsVW,AD3-AD3
257,AMsySZZd-s7-mpsq88t2jPtU0HK_,AD4-AD3
258,AMsySZZdKd0U9l8KvDyntCW84WkD,AD4-AD3
259,AMsySZZddWmlY-YYaqE3H9487dmH,AD3-AD1
260,AMsySZZdl4hChwnAS73CuF23EKOU,AD2-AD2-AD2
261,AMsySZZdli3TsK2z1HoUZiGegaXz,AD2-AD2
262,AMsySZZeAaWWTbcU0lw2gw-irSf7,AD2-AD1
263,AMsySZZeUfB-RRt9GUfXxvWZeJYf,AD3-AD3
264,AMsySZZeqex0b0LD1QC_AWXXTX-G,AD1-AD1
265,AMsySZZf-s0MBLtINuNmqOCqy_4d,AD4-AD3
266,AMsySZZfmuBTfseWAL572N8uUnGL,AD1-AD1-AD1
267,AMsySZZfzzp4xSUEdrud457lS3q1,AD2-AD4-AD2
268,AMsySZZgJaIpvDP9gnffkuk6JBIu,AD2-AD4
269,AMsySZZgSJHMfthFmXSRHVZPRubL,AD3-AD3
270,AMsySZZgURT6Vi0zK4NygjoCauNx,AD1-AD1
271,AMsySZZgzSBEz6C-AY2UYljsOvPi,AD4-AD2
272,AMsySZZix77-izstLRqCLUs6IGCK,AD2-AD4
273,AMsySZZizIyyaQ_BZkorgQURs0s-,AD3-AD3
274,AMsySZZj3o6AqvFGXbAR0ei7dN1X,AD1-AD3
275,AMsySZZj7zczgn_bDoWUWV6Lct-y,AD1-AD1
276,AMsySZZjQiaFgEhwyZ9P1B80O6hM,AD2-AD2
277,AMsySZZjzFfyrRsTjCsr128SFIvW,AD2-AD3
278,AMsySZZkQafJnFG1HOErPXfsVbTj,AD4-AD3
279,AMsySZZkVuOJRoaqvTv_nMjS3vEK,AD2-AD2
280,AMsySZZksQSbcSLLziNQOFei36pU,AD2-AD2-AD2-AD2
281,AMsySZZlVihJp1fxeDY9PhfWpkI-,AD1-AD4
282,AMsySZZmTt5esp8FNrp1EtPXAvW1,AD3-AD1
283,AMsySZZn5KEk0AZtdZYI5CYzAhwd,AD3-AD4
284,AMsySZZo8vKsFaWXUI5jfIOlYvPM,AD3-AD3
285,AMsySZZocryCj2a0GdAw3hLTPm8k,AD2-AD2
286,AMsySZZokDSViM-If6hbe-fU_7RC,AD1-AD2
287,AMsySZZpgot-RfpL7w6RHsw0sb-L,AD2-AD2
288,AMsySZZpoeZdeeIw830Chz88TBfl,AD3-AD3
289,AMsySZZq49MwEMrfC4RRoQCzZBv7,AD4-AD1-AD1
290,AMsySZZq59ed65YU86siaMklQCnc,AD2-AD2
291,AMsySZZrQFsVgbQI-aDiKtE7S9BZ,AD2-AD2
292,AMsySZZrT3_K0YuZXcTQValhSVSb,AD3-AD1
293,AMsySZZrowOrDMPpwobeTFOdt3W0,AD3-AD3
294,AMsySZZs-DzB0Zdiq-Nc59eXGvZh,AD3-AD3
295,AMsySZZsApyvm7YOSvhqvHl3U7Lt,AD3-AD3
296,AMsySZZsL_zqNySn3F8WqwU50Qnv,AD2-AD2
297,AMsySZZtGKTvWKPr_CCtO5w8ASDm,AD2-AD1
298,AMsySZZtPpxqfzJGHAX4joG25n-1,AD3-AD3
299,AMsySZZtPqaK2aNAwHrKM5-wh743,AD4-AD4-AD2
300,AMsySZZuJIb8wv1DJ6PPScyAaUU0,AD2-AD2
301,AMsySZZuhEL-zRiqH4Y5u9JfDL8Y,AD1-AD3
302,AMsySZZv9HoC25ndRQRk6JTXR6oT,AD2-AD2
303,AMsySZZvSNflG9fFJbk_IxlDyp98,AD4-AD3
304,AMsySZZvmMBAEjSEN7fXVK8Pb__r,AD3-AD3-AD4
305,AMsySZZvusP5ewjrBNzr1B_XLYwq,AD3-AD3-AD3
306,AMsySZZvv35gKGo4YT7OL02Yb5Ak,AD1-AD3
307,AMsySZZvzxu9bbStXwmjJpB2rOlJ,AD3-AD4
308,AMsySZZw9gwqC12XSMKLAeEf8GKX,AD2-AD1-AD4-AD3-AD3-AD3
309,AMsySZZwO02mfNTcIK6-tRM9uZiQ,AD3-AD1
310,AMsySZZwu2jQ3TGN-skticpb51Ve,AD4-AD4
311,AMsySZZxFDOXXMOzjkaX5zwDm7Cg,AD2-AD3
312,AMsySZZxpqrlVRJKCb-Et-ZFDAlF,AD1-AD1
313,AMsySZZyjyvD3mwmnmVIJwpIJ_XC,AD2-AD4
314,AMsySZZzIn8oBLULh7LPtKt6Nii-,AD2-AD2
315,AMsySZZzay9D9Juv6qcwax72lbrT,AD1-AD1
316,AMsySZZzk2qzVpwTeuK-sBrwbV5T,AD3-AD2
317,AMsySZZzwlAq4-185k5yzL2Fe2n3,AD3-AD2
318,AMsySZa-6w45BMqRnLcQxr6JSuxk,AD2-AD2
319,AMsySZa-8RFaBa8UDZAr0rElHfpf,AD3-AD3-AD3
320,AMsySZa-B5VV9qfPCYVMuPe5Mf6N,AD4-AD4
321,AMsySZa1M8eXjqm_mJh1kRaxrY2Z,AD4-AD3-AD3
322,AMsySZa2hsvzZr-BdeIGHTekHtf-,AD3-AD1-AD3-AD3-AD1-AD3-AD3
323,AMsySZa4i79hpPPOsVKNT58UqsFE,AD2-AD2
324,AMsySZa5FiAVo0kwliWerYzO3r_9,AD2-AD2
325,AMsySZa5jcq2yGDgT99gEAVQ2C3r,AD2-AD2
326,AMsySZa5sXEzIFL2JFkHs4rG3EZd,AD2-AD2-AD2
327,AMsySZa6Q6QCZjP3rp71brmpl4-v,AD1-AD3
328,AMsySZa6htAYwDqRJBCRPiPAK6Tq,AD3-AD3-AD3
329,AMsySZa7I0nYWsuOzcEXKX5RvbsD,AD2-AD3
330,AMsySZa7T72EaEk6-_AXfgON_Mxa,AD3-AD3
331,AMsySZa7zyzbKKfPeLo1oGGdzrb6,AD2-AD2
332,AMsySZa8fMS7R2-VtMXgDvQUkNC_,AD1-AD1-AD3-AD3
333,AMsySZa9cFxGH4OFoHTqW8nzk8Ck,AD3-AD2
334,AMsySZa9nfdJhoONNqv86erVeEIK,AD3-AD3
335,AMsySZaA0vZ1oPbXSVlIyradlu0n,AD2-AD2
336,AMsySZaB3yUHLQ62rJ5vn-V9Jdr4,AD1-AD1
337,AMsySZaB5Q5BN9MAtq_Zz86xVQco,AD3-AD2
338,AMsySZaB9Frl6nPN99_VKQFkD1DW,AD1-AD4
339,AMsySZaBvB-3ZX26Kqm5QdrczmeG,AD1-AD3
340,AMsySZaBvcgtkEfql4y1yl7uDF1h,AD2-AD2
341,AMsySZaCckeiKL9iU9D9gDxE4vUG,AD1-AD3-AD4-AD1
342,AMsySZaE5UeJg-tZhwgrvBv3v4sJ,AD4-AD3-AD1
343,AMsySZaEsSAbsI1pBWejJirWL3-6,AD2-AD2-AD3
344,AMsySZaF7UwKmwCOwNkpcW1OzilY,AD2-AD2
345,AMsySZaG8767A0uF4VxkoYFbcBbt,AD2-AD1
346,AMsySZaGG11VcwL8ktSgt8dN-K34,AD3-AD3
347,AMsySZaGrXXCoRwWZ9Ii7DH01y6C,AD2-AD1
348,AMsySZaHefMmcxMzftr62tnll27_,AD4-AD3
349,AMsySZaHskUGKgLgW6TdlYup-UVf,AD2-AD3-AD2-AD4-AD1
350,AMsySZaIgYwi8VaYtAK6FpzMqMy4,AD2-AD2-AD2
351,AMsySZaIgnMgFO4x7VGqFFYYl8qA,AD3-AD2-AD2-AD3-AD2
352,AMsySZaJEqR_EQ9IXxauKkOQCHyU,AD3-AD3
353,AMsySZaJZ78UECbob9HjS2fshG8E,AD1-AD4
354,AMsySZaKHlBgRFRJ6PgXUPG-ZLc2,AD4-AD4-AD4
355,AMsySZaKiE6uPxwZIzDeA0E2WRWH,AD3-AD4
356,AMsySZaKv_3GueJdSBPW8TGlxEhz,AD2-AD3
357,AMsySZaKy4TLQu2GmS26XUYEp0_h,AD3-AD3
358,AMsySZaL7BVv3imDQplV-R-gmlT4,AD1-AD1
359,AMsySZaLNPqsk5qRWmdkLcbFXtLw,AD2-AD2
360,AMsySZaLdqceU2MWCOvPkxmZNLcT,AD2-AD2
361,AMsySZaMNIUhuOkRzrA_Lx0bDrQu,AD3-AD1-AD3-AD1
362,AMsySZaMT2Umwcg9-1L7qhuPB0oG,AD2-AD2
363,AMsySZaMdzQGBCP7IZ4E5nhoD52R,AD1-AD1
364,AMsySZaMzlFGgPavjJVLqNCVQbeO,AD1-AD1
365,AMsySZaN6kpGYT2KVGi-QAV2ATcp,AD1-AD4-AD3-AD1-AD2
366,AMsySZaND7_iaXjMsGY4y0gKiHkO,AD3-AD2
367,AMsySZaNP7K42NJB5sbbV_cWwpa1,AD3-AD2
368,AMsySZaNfZ3L-Bi70jqfX36NJJGd,AD3-AD3
369,AMsySZaNmasYGtYyCH01MwfGKaUp,AD2-AD2
370,AMsySZaOSbb0LjgEoHDD9G3F3_iK,AD2-AD2
371,AMsySZaObybUL7VVe1crCKn8O7nF,AD4-AD3-AD3
372,AMsySZaPXbzME4f6wlm00tRbIPn1,AD4-AD4
373,AMsySZaPgpwFkhsSYeqaQKBMnAFf,AD3-AD3
374,AMsySZaPkzkZhsDpivBug4Qh6nBf,AD2-AD3
375,AMsySZaPtODfv2rFuwZbasyIUxNC,AD2-AD2
376,AMsySZaPv0lppgTgTKCIDe7Wixfv,AD1-AD1
377,AMsySZaQEWU50Sdqkz3biycpchjw,AD1-AD1
378,AMsySZaS50MO-lJPM1H-BatJ9yNQ,AD2-AD2
379,AMsySZaSGvcW5aUXZGxOdyXp06xs,AD1-AD1
380,AMsySZaSQhhi71_5uXQ5iRqIP1N1,AD4-AD4
381,AMsySZaSgfpR8kWdjRuFpWHiRNio,AD4-AD4
382,AMsySZaSlvMYpIkMPkB8_UXaGMiY,AD2-AD2-AD2
383,AMsySZaToH4IjjGHGd1nnyO7xm3f,AD4-AD1-AD3-AD1
384,AMsySZaU5EZ_RJAqm5PCwoRy0GfA,AD2-AD1
385,AMsySZaUC7Wm97dSZqViCGA5RYjd,AD4-AD1
386,AMsySZaUC8xBapRnj5AtKxogwv3k,AD3-AD1
387,AMsySZaUFMTWREztTbldHSfx5Y1u,AD1-AD1-AD3
388,AMsySZaUhb8pBiwZxao3X6C1bb-o,AD1-AD1
389,AMsySZaWS-NPtyIA2vNCV1PTLidK,AD3-AD1
390,AMsySZaXcr8_vyBwbaNlBmCkrsim,AD3-AD3
391,AMsySZaXgs1DdkDo7PZOXYzCqJpn,AD1-AD2
392,AMsySZaXyv6Pw4zQV-Zp3aPNAD-F,AD3-AD3
393,AMsySZaXzrJh8JS-vEpqvh8PSARM,AD4-AD4
394,AMsySZaYeBxp5mvHnIhm9U0L9-oY,AD3-AD3
395,AMsySZaZdCBtD5BBv05IXqSGKd2d,AD4-AD4
396,AMsySZaZzyIC3rUKM9YwOitfO0cY,AD3-AD3-AD3-AD3
397,AMsySZa_3QKj76b9FMP9gKMnKcEV,AD1-AD1
398,AMsySZa_8tay8lenqGdH-mv6Gszl,AD2-AD2
399,AMsySZa_AbAoetpXe-0_HgnC2pLq,AD2-AD2
400,AMsySZaaA_7S8iWuVPloAZQi3ZA-,AD3-AD1
401,AMsySZaaAcpNubH0fgUlLGzuRu0u,AD2-AD3-AD3-AD2-AD4
402,AMsySZaaMyjfxxQbTztOhKKlL9Lw,AD2-AD2-AD2
403,AMsySZabf9keeavflQx-FjwS6P62,AD4-AD4-AD2
404,AMsySZac1PtBqt0PT97dDm4Gv0fd,AD2-AD3-AD4
405,AMsySZacQv5PwrYJsoUEZ9tXSEtq,AD3-AD3
406,AMsySZacvINxXJ3LKnRSjNaR9AA0,AD1-AD3
407,AMsySZadWVxBLS7YfFzK0-4BEcWy,AD2-AD2
408,AMsySZadXNZdJlvO_5cN_HGFy6uK,AD1-AD4-AD2
409,AMsySZadZroUV2t5Yg5e4syqQSB-,AD3-AD2
410,AMsySZafDBIA96k2mZThSoKgQ1JZ,AD2-AD2
411,AMsySZafpUo9cp8l0du5AqB-AzXh,AD3-AD1
412,AMsySZafy5amMk2nje-4L1unHDhg,AD2-AD2
413,AMsySZagAbBgk0QOJ26xh4JKTnKA,AD1-AD4
414,AMsySZagIdVGuGF-WEV5SRwKjVAV,AD4-AD3
415,AMsySZag_Ee8qSSb0RQ9zxW5i1zr,AD4-AD4
416,AMsySZaheCTVJImLG8wnA0s2u0J5,AD1-AD2
417,AMsySZaipEvK3BEnB4XruVdCxpLb,AD2-AD2
418,AMsySZajAFsw7Y9KIy2vaUFBhWRG,AD3-AD1
419,AMsySZajMOJB2mkl6vbq6Hmv0mKH,AD4-AD2
420,AMsySZajh5mSqZRSxAHZiFor1cpr,AD3-AD3
421,AMsySZajo6bBZlihaanwwVNxns1Z,AD1-AD1
422,AMsySZak2_I7_5yEt0uR0xhSCUxN,AD4-AD4
423,AMsySZakGtI32Cqqn6zSj5XICmYb,AD1-AD2
424,AMsySZakLN43BaRozbjlO49d5piW,AD1-AD1
425,AMsySZakbGPssvvr64mmgxPyOoSA,AD2-AD2
426,AMsySZakef16fmIixbTuPUqq8kJB,AD4-AD3
427,AMsySZakpvdGOZhw2sMg8hJcjiq9,AD2-AD2-AD3
428,AMsySZalBGiTAJBDcxenwZ4lGBHB,AD4-AD3-AD3
429,AMsySZamLMmaVbUxdQ3i3ZcXc-oY,AD4-AD2
430,AMsySZan9KpUSiO3ncepvmMlCLkx,AD4-AD3
431,AMsySZaniFJpEJSlKgFOaQ1qjhky,AD1-AD2
432,AMsySZanj0vEXFdFu5qVM86JQ22o,AD1-AD1
433,AMsySZaopZbScyi7Sn8IJPaqpLhr,AD2-AD2
434,AMsySZapd9Q1cTFRApWPTv8KAxFn,AD2-AD2-AD2
435,AMsySZapdwwQQzRz-Ui6Z2V3mxSC,AD2-AD4
436,AMsySZaqH6b2tpRoaTisKsuf223s,AD2-AD2
437,AMsySZaqHkajCvN0LP8qeXDKzHn5,AD2-AD2
438,AMsySZaqdYkc_vKZJoSCR2dQvbZa,AD2-AD3
439,AMsySZaqhemWmT6ig67z6_OLFOYB,AD3-AD4-AD4
440,AMsySZar52EQmjm7kZPv-AWemWRU,AD2-AD2
441,AMsySZarHZdv6xZ3fGbIMt9MAzmM,AD2-AD1-AD1-AD2
442,AMsySZary12f7eBBM6JGXxwh21qm,AD4-AD3
443,AMsySZas5T2E3vFbdIioftJPneON,AD2-AD2
444,AMsySZas5YwfnivNWwV8ek7FF86p,AD2-AD2
445,AMsySZasKm0rCUSbzdbjfVva4wk9,AD3-AD3
446,AMsySZasZrEj37xoo2OqBXasJQYf,AD2-AD2-AD2-AD2-AD2-AD2-AD2
447,AMsySZas_o1QBFRjadwguOnmMR-b,AD1-AD1
448,AMsySZauCAcATDBHgzvZKz_pG2Q-,AD4-AD2-AD4
449,AMsySZauCCSwqxW2XVPJLvW_vkqv,AD2-AD4-AD3-AD3
450,AMsySZauQvafhMUPDFN5mFa07maZ,AD3-AD3
451,AMsySZauXh77xi1hlGVjB2yY9uF7,AD4-AD3
452,AMsySZavq5HRJKFdF2QM75-By1_5,AD4-AD4
453,AMsySZaxMd2ILNJ4FhV0N5TGFcEy,AD1-AD1
454,AMsySZaxSrMBtrotbENKkUB2c17W,AD2-AD1
455,AMsySZaxfA-f-_9LoLNBRctxWPAk,AD3-AD3
456,AMsySZaxsJQ1fXhHW70gWma170XZ,AD2-AD3
457,AMsySZayPeS4x4zlAeQzuEHKTzUy,AD2-AD2-AD1-AD2-AD1-AD2-AD1
458,AMsySZaz3PhHaaZiDN4fM2vVD-OV,AD2-AD4
459,AMsySZazRYGZE3qVggJYZtDtnIKt,AD4-AD3
460,AMsySZazzAjZ-SG96mWhrEZiF0CV,AD1-AD3
461,AMsySZb-6VRefpdnAY6qSMd3xGdQ,AD3-AD3-AD3-AD3-AD4
462,AMsySZb-mfZlY19Tryifv_od_ebc,AD2-AD2
463,AMsySZb12VYYZyAYDqv9j0J_4Zbf,AD2-AD4
464,AMsySZb1MgMfnfDvxYTsTbCMupib,AD3-AD3
465,AMsySZb3I2jGtx2_4NyNVqP7Rzgr,AD1-AD1
466,AMsySZb3TzyHXWGyemdbv4kk22-I,AD2-AD2
467,AMsySZb3hYZ1I5nDZ3St-jOvJ08g,AD3-AD3
468,AMsySZb3vDCIaVFrbiYd7LvLHkJT,AD4-AD4-AD3-AD3
469,AMsySZb3xtbEmJGlv9-vrYYjo-1e,AD1-AD1
470,AMsySZb3zMIZZdS1JdxNy9PqrR0-,AD3-AD3-AD3-AD3-AD3
471,AMsySZb50bQwRTGJzCAdj-Xx2MES,AD1-AD3
472,AMsySZb5N-5EVQFdQ2SLB820eJtq,AD3-AD3
473,AMsySZb5_xGPnddNkAK0gsqiLjOt,AD3-AD2
474,AMsySZb5pDpPjCk3BFIVcJ-t4IuD,AD2-AD1-AD4
475,AMsySZb6cUvBd64feG4xd9tmujpk,AD3-AD2
476,AMsySZb6ttD5i1-ihqNwCQcMyG3R,AD4-AD4-AD1
477,AMsySZb6uhGGO1gqw79kN0POZI6J,AD3-AD3
478,AMsySZb72oAPBFCgUVNxE_2ZFU0Q,AD4-AD3
479,AMsySZb7aAp6f4ImgILOp1mZ7u4H,AD1-AD1-AD4
480,AMsySZb848mVyUVQeJofJVj26ENj,AD1-AD1-AD2
481,AMsySZb8btlhs0nO_6wVT862D3NP,AD1-AD3
482,AMsySZbA9CySc-P8LFqnfGZ8cmt0,AD1-AD4
483,AMsySZbCB9ncXDJMHQ-cKW6aTeBC,AD2-AD2
484,AMsySZbCgg_vSMnobCypsY76o-I7,AD2-AD2-AD2
485,AMsySZbCjxKJqj_hXsaZ5CELIu7A,AD1-AD3
486,AMsySZbDItrnK9qD2rceghgoo160,AD2-AD4
487,AMsySZbDLv_hDKZrbXFKzUblH_fr,AD3-AD3
488,AMsySZbDOffNYr6q0mny88eC_tSP,AD4-AD3-AD1
489,AMsySZbDQadbiH36dlwiDzsao2Yy,AD3-AD1
490,AMsySZbDbhuNsSY5NDFRBcbKQHVD,AD2-AD2-AD2-AD2-AD2-AD2-AD2
491,AMsySZbDk2EEcDD0aERpm5g_2OxG,AD4-AD4
492,AMsySZbEElyUI02B4_LM4oFU4I4J,AD1-AD1
493,AMsySZbEbIGhR2NtS2EX9AGwyLeh,AD2-AD2
494,AMsySZbEsF8w-rf-cb72FILGMUn0,AD4-AD2
495,AMsySZbF3o_Qh4rYReofEWrUVHPB,AD4-AD1
496,AMsySZbFNjhK44C0XCbuYegTr__1,AD2-AD4
497,AMsySZbFQ3g5dOIqSuxHTut0mXu6,AD2-AD2
498,AMsySZbFSRL1w_Vf9rgrjN5dphLg,AD2-AD2
499,AMsySZbHThq6BRF-250LiPTA50T-,AD2-AD2-AD1
500,AMsySZbHZdOXntX8507pOY1Z5TQl,AD1-AD1
501,AMsySZbHeLNBCG0S710AeAcjLrY0,AD3-AD4
502,AMsySZbHlCYubI4lQehSN8x--mRQ,AD2-AD2
503,AMsySZbHpa7yHPkoiSswNfhn_NBA,AD1-AD1
504,AMsySZbHuqkKhee2J3n9r8_WUkCL,AD4-AD2
505,AMsySZbI0G5PUwQr-T1TGChMmItk,AD2-AD3
506,AMsySZbIMuomfnnNkA00-q2WsZwb,AD3-AD3-AD1
507,AMsySZbITqwxYcfHQGUoWvc3wx-7,AD2-AD3-AD2-AD2-AD3-AD4
508,AMsySZbIggp3oGie3D4DkK8pLysf,AD3-AD2
509,AMsySZbJ0lRHF9ueLtEsUQZanLBI,AD2-AD2
510,AMsySZbJPpvsqFZxBVlnt47aJyYg,AD1-AD1
511,AMsySZbJRbwsz_DBufu0AUYTK7kU,AD1-AD4
512,AMsySZbK3Z-hSnR_AuIpKO22JbFB,AD1-AD1
513,AMsySZbKMSBho_tQRUHQ7KN1dB8x,AD4-AD2-AD3-AD3-AD1
514,AMsySZbKRTbL4X1xY6pzBeiMkiRL,AD4-AD3
515,AMsySZbKkLyeGiFwPl-lQq9qYiF4,AD2-AD4
516,AMsySZbKxuqN52a1r_5Q63BJ-Mb0,AD3-AD1
517,AMsySZbLLtlejhIAVtpBnryKcDnJ,AD1-AD1
518,AMsySZbLWHQGXvpby7tc3UbWkvTm,AD3-AD1
519,AMsySZbLkPiNcPkvbc2nG3_eRJ2T,AD4-AD1
520,AMsySZbLmHjdplTScPIvCi6uDOvl,AD3-AD3
521,AMsySZbM18woJo-D9hSkgb76kc1h,AD2-AD2
522,AMsySZbM4S_E7qInkzKM5ZdTPhR_,AD1-AD1
523,AMsySZbM6EycXN4V_oEcA46SuYDU,AD2-AD1
524,AMsySZbNRizffEj1MNuvtuSIQoPU,AD3-AD3
525,AMsySZbNzVkjb8H5LeiVWXIREar7,AD3-AD1
526,AMsySZbO7gUqCUitV-m0-MmrvXIc,AD2-AD2
527,AMsySZbOGkKj5CPAyEvO7Cn1eUWr,AD1-AD1
528,AMsySZbP3sKlSFJDRQ_qb5obmZeE,AD1-AD1
529,AMsySZbP5LIMtk2aNQP1_8pplZxc,AD3-AD2
530,AMsySZbPcJhpq7urhaJySfhp-twM,AD3-AD2
531,AMsySZbQRKrIOfC1_vmsGKryA4I0,AD2-AD2-AD2
532,AMsySZbRMaH3D8i0OZG8JdMEGual,AD4-AD1
533,AMsySZbRNxO75U1Oa41SnnuanE02,AD3-AD3
534,AMsySZbRTg03jpf7GfUavN1ZOITa,AD3-AD4
535,AMsySZbRrcYYMN5NhRYU-gY-DkSB,AD4-AD2
536,AMsySZbS6YnNpzQeE9ThH0AD9CgR,AD1-AD4
537,AMsySZbSGCFmU70qHDyCJHpnmpLV,AD4-AD3-AD3
538,AMsySZbThTP3_CK3x1K2krn2AAK9,AD2-AD2
539,AMsySZbTq25yM2XUo_o3kFUhVJD2,AD2-AD1-AD2
540,AMsySZbUHIO5pI5RHi0kY29TD9Zb,AD2-AD2-AD2-AD2
541,AMsySZbUvBlhGZNAYTC9O9u_DnYu,AD4-AD4
542,AMsySZbVGSSGZ-Fm8GLxW0auRqqr,AD4-AD3
543,AMsySZbVo0i4UqEep3Fig9fRwcrP,AD1-AD3
544,AMsySZbWm_FSHGxCStyWrUBRzHQy,AD2-AD2
545,AMsySZbWppMrqkpaG8ZgNIqRKFkr,AD2-AD2-AD2
546,AMsySZbXR932zomtbvMzlaK8UBDS,AD1-AD1
547,AMsySZbXdjP-_Zxj3EnlaQ-df4YW,AD1-AD2
548,AMsySZbYQyw4YePqUpi099RA66nS,AD3-AD2
549,AMsySZbYf5KIDMOvko5jfvEhMmtR,AD4-AD4
550,AMsySZbZ0VM-19MKvmIghMTvMmCA,AD2-AD2-AD2-AD2
551,AMsySZbZXU819NfJherpfqnMAfb5,AD3-AD4-AD1
552,AMsySZb_BJIH9k_Yg-Vb6O1j5Sw6,AD1-AD4
553,AMsySZb__k4E_1UNZ9iAx9ahAecw,AD2-AD2-AD2-AD2-AD2
554,AMsySZb_h4JbhNZvpgfhdQsjmPiE,AD2-AD2-AD1-AD1
555,AMsySZbbGE4nzQSFsmu77FCZfiPS,AD3-AD3-AD1
556,AMsySZbbLJf13tEbMjWGQGzUckkk,AD4-AD3-AD4
557,AMsySZbbRaXHYXYgqwRrcuOmW-E5,AD4-AD1-AD2-AD3-AD3
558,AMsySZbbdd_8jPaEkBqnSVPXYVQf,AD1-AD1
559,AMsySZbd1LmE8z4zo4pKpKVe6g1t,AD2-AD4
560,AMsySZbdUEWJgb0B3MMewg3IImKN,AD1-AD2
561,AMsySZbdejQQOnEYKVMvzT07aREp,AD2-AD2-AD1-AD3-AD1-AD2-AD2
562,AMsySZbeAQ6buAusRzmYfvX-u6o9,AD2-AD3
563,AMsySZbfFRWIkDDno0aTWu62tIm8,AD1-AD3-AD2
564,AMsySZbfFp_7Ir6pH9cEhtZyn8DA,AD1-AD1
565,AMsySZbg2zqo6eOHnmdVJk38gnu8,AD2-AD2
566,AMsySZbh-eR1f6OXL90jXsTWEI72,AD2-AD2
567,AMsySZbjAtRP7Bb03tv2Tr8lWH7S,AD1-AD1
568,AMsySZbjAvqtXUxv2uA-_vJ69EKB,AD3-AD3
569,AMsySZbjN2jxMPzRW6QFW1k1MHb3,AD4-AD1-AD4-AD1-AD2
570,AMsySZbjYpnN3QN0qn35lZO41u5J,AD1-AD1
571,AMsySZbk1e0nGWTyTqJtWeIGoR80,AD3-AD3
572,AMsySZbkAPFlYATxATIl7FFjuHzG,AD4-AD3-AD4-AD2
573,AMsySZbkGze2AU8H1aqlol6NeY2N,AD3-AD1-AD3-AD3
574,AMsySZbkPkwoUuD_IbGNHeXXBI4A,AD3-AD3
575,AMsySZbkSEpe-T4Cd7A29TYRxDjA,AD3-AD3-AD3
576,AMsySZbkSPvOPFKjswv7SqO7SNYk,AD4-AD2
577,AMsySZbkizAtwYeG0DjoSbgvax89,AD2-AD2
578,AMsySZbl5WldJ1gKcE_lNFbBVd2y,AD2-AD2
579,AMsySZblPUCM0WRAtOhtWexqSR2e,AD1-AD1
580,AMsySZbm5mTl9QHnRaXdvpq_j_yi,AD1-AD3
581,AMsySZbmkrAjBhSjBGQoSdFQHSHN,AD2-AD2-AD2
582,AMsySZbmt9dF6oGMa8YiI38lyZVu,AD4-AD3
583,AMsySZbnNRDvHt_ii5-HC7sIENlm,AD2-AD2
584,AMsySZbntkiBCo4AnFsdHwlMp_dk,AD2-AD2-AD2-AD2-AD2-AD2-AD2
585,AMsySZboPKb7wn3zSnKxjqM0q3gx,AD3-AD3
586,AMsySZbooJvx892i_b9_d3qHi0Xz,AD2-AD2
587,AMsySZbowHPmZIlOCk2DP4-JEsZL,AD2-AD2
588,AMsySZbpOc9VUVIrYI7kyc4dDwj9,AD3-AD3
589,AMsySZbs0TLOKnYFkGzfR-ruYmFt,AD3-AD1-AD2-AD2-AD2
590,AMsySZbsGzOxN-q79Xcy5Uoc-F2R,AD4-AD4-AD4
591,AMsySZbsnvBS3roBlAjdAno8LItV,AD3-AD2
592,AMsySZbt4Ozvuh8i8woJQzE9dMRi,AD4-AD4-AD4
593,AMsySZbtWFtY6Gb8eLwkPEvhsn2T,AD2-AD2
594,AMsySZbu903rhltAzHZuk02r2Y5f,AD2-AD2
595,AMsySZbu_Q6p8kRlGgF6rKX3B6eL,AD3-AD4
596,AMsySZbv7D9telhrP-WzXWeMNd2-,AD3-AD1-AD3
597,AMsySZbvFtVzVMRHtq8HgLCjZA-s,AD4-AD1-AD2
598,AMsySZbw_eIoeyPtzrb2HkjWjhCt,AD1-AD1
599,AMsySZby1xNZzx8vbp_6a1N-gY0T,AD1-AD1
600,AMsySZby5AG8bZPpbDzIq02CoqvP,AD2-AD2
601,AMsySZbyEPOvsBICVt5WG6YzBtzN,AD2-AD2
602,AMsySZbyJXGicF8dUCbVsoHSxYH8,AD2-AD3
603,AMsySZbzovVxNEBR8_NeFcZdNkWw,AD2-AD2
