User ID,Sequence
AMsySZY-HeT-J6RIbx-Cw04r22mJ,LOC-QUZ
AMsySZY05dwACHMiM3BNz9VeYVF0,QUZ-QUZ
AMsySZY0HeJU-gbo6RvBryiHiAEY,QUZ-HHW-QUZ
AMsySZY0T1KM8vkq63zmVE2vii_B,LOC-LOC
AMsySZY1NfLpZW3ARhkf_N3vZW-3,REG-REG
AMsySZY1RzESYUaXq0VbX3ZUgCEQ,REG-REG
AMsySZY1_blzgiTbYFuh9KTxF1HQ,HHW-REG
AMsySZY1cBoWOIq-KIgL_YZblazs,LOC-QUZ
AMsySZY2WUTJHxn5pQE5A7BqaFo9,QUZ-QUZ
AMsySZY2buPpwU_nsVUvpUzHTE6l,LOC-QUZ
AMsySZY35DPlnuQHqBFGooc5MhyP,REG-REG
AMsySZY3CWH8D_deJkspCx99vGKN,HHW-HHW
AMsySZY3FnYahiSiNjU2BJc61XyI,LOC-LOC
AMsySZY422YQGPCUhiFvR0pZbp1n,HHW-LOC
AMsySZY44HN8fX-PAIGZFUgg_wBL,LOC-LOC
AMsySZY5lgZO18nPFBCyn4l7Re0q,QUZ-QUZ-HHW
AMsySZY6OUMfRYgO5zOwGsITVP3H,LOC-LOC
AMsySZY6Qc0iECxD1GSkUdhUKO_3,QUZ-QUZ
AMsySZY6ZG80ZATPnVpv53LMddRl,LOC-REG
AMsySZY7DnzElmEP318oMiUHrKWs,REG-REG
AMsySZY7Lq7RWbuyqeT_rnCn9213,HHW-HHW
AMsySZY7YzrWHcBLMuJyeBIb-obo,REG-REG
AMsySZY8zrQ2frxrGEGPlODWA6np,REG-REG-REG
AMsySZY9IXQhYAgGzRqARLWM6wE0,HHW-HHW
AMsySZYAPUFEBs-T52yrGKL7NVgL,QUZ-REG
AMsySZYAdS1Z4iPc6waqtutWVVeG,REG-HHW-LOC
AMsySZYAqGcRmbIiIyIK-FC-juz0,REG-REG
AMsySZYB995mc7iaJbYnJFray5mN,HHW-HHW
AMsySZYCKolH1BG4pYGhcP7xZ8cy,HHW-REG-REG-QUZ-REG-LOC
AMsySZYCmtZT99L4UrmiUmAYC47f,REG-QUZ
AMsySZYCodia_aNImBan_iXg7rxh,LOC-LOC
AMsySZYD2pmdegQzg9SdY02jUC31,REG-REG
AMsySZYDQ1KQogAM-9CuBPETrLQv,REG-LOC
AMsySZYEI3zT9JVrKb-uYROqrrYO,HHW-HHW
AMsySZYEXhRxOXAzB-ytnYlA4wpK,HHW-HHW
AMsySZYF0Y7wDnyuiCuvkIeHPf0v,HHW-QUZ
AMsySZYFk0oCCtXE5C11nfQELBsy,HHW-HHW
AMsySZYG0avSGgwnQk-AQIi4zEMx,HHW-HHW
AMsySZYG3SVSlciUUeILYjiSz6fg,HHW-HHW
AMsySZYGLaNMvMEBH42_9E91Skd3,QUZ-REG
AMsySZYGZdm5R9s6llm-8l78zG53,LOC-QUZ-QUZ
AMsySZYGkVb108VqwK5RWUGNurJR,REG-QUZ
AMsySZYH2RalgGXEzHQXuqugvmz0,LOC-REG
AMsySZYHLRPkW87tqqjKiswPfxlq,REG-QUZ-REG-REG
AMsySZYHzktcpbooeB2MyM7zsSK7,REG-LOC-LOC-REG
AMsySZYIJP_eQJTHHmsvDzfvRhxc,HHW-HHW
AMsySZYI_yxLGuMAZk-fTiAm-xP7,REG-QUZ
AMsySZYJ-xXdhtrQlpomzlLJHrH0,REG-LOC
AMsySZYJBXr5x1lQn3uAtesGJImD,LOC-QUZ
AMsySZYJC4cQOG6zu4AgN5BmfZrj,HHW-LOC
AMsySZYKQXsBb9pfZe62P6qFxq3I,HHW-QUZ
AMsySZYKgCF_hM52ay6GyCEKjIK6,QUZ-QUZ-LOC
AMsySZYL5GUxq5QMeiMQ2wvS_f2w,HHW-HHW
AMsySZYMGN4bf_lZFcWziwswdB2R,LOC-LOC
AMsySZYN0gvbJ5ooQZrzgicRe4mT,LOC-LOC
AMsySZYN3o6Ryznlcsj2Jh79xylO,REG-LOC
AMsySZYNMRSYRZraQpxDg2wtWUXX,REG-REG
AMsySZYNxgZ-dLKxChXAdx-ezjlj,HHW-HHW
AMsySZYOC58apeOf04WgbzBSIG8W,LOC-HHW-LOC
AMsySZYOQZQamY2xH3y1_0724zze,REG-REG
AMsySZYOiQd2skHNAeMp4pVV31ik,REG-REG
AMsySZYP0qd5mYosNUFGoRry3SvW,LOC-REG
AMsySZYPs45TgnQR1-2qZtDYLWEb,LOC-QUZ
AMsySZYQ9D8Q0lCJAn2QZcfK7DXV,LOC-REG
AMsySZYQch3E1zpVxAAb2cj2qoCU,QUZ-REG
AMsySZYQnEW89La3JWRcciQvqo6Y,HHW-REG-QUZ
AMsySZYQwTl3e2knyUzINR9H3spA,QUZ-REG-REG-QUZ-REG
AMsySZYROELqs5D516kibP-lt2tm,HHW-HHW
AMsySZYRb5wPryuNh3zFGCz1wcKR,REG-QUZ
AMsySZYReW0Fe0oFR7pfSxNajlAN,REG-REG
AMsySZYT4jfIrW4Kv91HQA8deJNj,LOC-LOC
AMsySZYT6OTkCR9ZMDI3L8OIKlx6,REG-LOC
AMsySZYTIpU8Bdk2wif3N1Fr-2lE,REG-HHW
AMsySZYTPikCcQ0iBjsWIoK8Nl2o,LOC-LOC
AMsySZYTS07B4GTly_2RH3wH16QH,REG-QUZ-REG
AMsySZYThoGF1ZF05mKKyBaBZR7G,REG-HHW-HHW
AMsySZYUMI9J-DWDSkEw5kBVZ30x,HHW-REG-REG
AMsySZYUjZNrhL_ML_GJS7GXusEB,HHW-QUZ
AMsySZYV2A1eIaMnwmQ59SN36Rnd,REG-REG-REG-REG
AMsySZYVEBHNo1sMJRT8PqYt4cX2,LOC-LOC
AMsySZYVJ83zajLIpD0YO48AMZSY,LOC-LOC
AMsySZYVOc5OUnSMBiI16D_Iek13,QUZ-REG
AMsySZYVxSQsJSc1Jhqas9GaVIVr,REG-LOC-LOC
AMsySZYW59zLf03rwOXthzGYxC2l,QUZ-LOC
AMsySZYXDBeSU-tLoZKbXJmBQqQk,QUZ-HHW
AMsySZYXYrFtHJRLVCwdAUfw8_oV,REG-QUZ
AMsySZYXraGz-c6i9i-NYlDyKU_s,QUZ-QUZ
AMsySZYXzQu2UCnnfW4Awt1u2Lmq,HHW-QUZ
AMsySZYYDgouEk1AV4WUxAFP0Pbo,HHW-LOC
AMsySZYYygyI43q5DSQx1fbLybcq,QUZ-LOC-REG-HHW
AMsySZYZJmnFeFqiDJHmBRHL9gwA,LOC-LOC
AMsySZYZSaq1Dpp39OGQaaobV6yX,QUZ-LOC-LOC
AMsySZYZWA_N4GHzJ60LUdojale6,LOC-QUZ
AMsySZYZc_NQFxl1lKkvGO5kbQBz,QUZ-QUZ
AMsySZYZmoJ3aX7DNmU6Gj1svrGU,HHW-QUZ
AMsySZY_tSHKTINLWWSiam9_DAZ_,REG-REG
AMsySZYayshW9G_5N5cDqKr27dzS,HHW-HHW-LOC
AMsySZYb3INnEkx343cMr5AKVXNs,LOC-QUZ-REG
AMsySZYb8TW7fk6Qn5GkcUn8RYz_,HHW-HHW-HHW
AMsySZYbQQDZlqdezjpFx2Tc0NHR,REG-REG
AMsySZYbmPm5qjr06MZhhUvwxs6q,REG-REG
AMsySZYbv40OCIqv9d2PZpyQksAY,LOC-REG-HHW
AMsySZYd-r9pDsXd8H8hJnukTnfD,REG-REG
AMsySZYdW0c4lj5Al2jVIpeYDtxg,HHW-HHW
AMsySZYeVamcgNfe2GbgIZrO62bO,QUZ-QUZ
AMsySZYekgQHityx_LmuOuawGycR,LOC-QUZ-QUZ-REG-REG-REG
AMsySZYfNAeSQqyvwzFw2Agsh8iZ,LOC-QUZ
AMsySZYhGvptt0nt4gvliiSek5do,REG-QUZ
AMsySZYhmOvHzsAVAWsweQxbk55G,LOC-LOC-QUZ-LOC
AMsySZYj7bcQ_SPWY_OsnQZkNaS9,QUZ-QUZ
AMsySZYjD_sWyPKzfTGHQjt6WK1s,HHW-HHW
AMsySZYjNBAf4gx-d6sp0OV28qX6,QUZ-LOC
AMsySZYje9BnRpPBaaJGcE1IsFi2,REG-REG
AMsySZYjvzrdWpiBfQL6HPcUCv9D,QUZ-HHW
AMsySZYk-EPHTMADBe6lidIl-aej,QUZ-QUZ
AMsySZYkCCwIOXbMIRCMMm-NHFj-,REG-REG
AMsySZYkVCWWycUmpZftozhhvai4,QUZ-QUZ
AMsySZYkVwJxTIO6zC6WCebHX3FH,HHW-HHW
AMsySZYkhwmEV6NIaod1AjlEkO_H,QUZ-QUZ
AMsySZYkvIjiV_4QKlP51NrNt7pH,QUZ-LOC
AMsySZYkvz9bwLNrmhtpi0Y5tqZy,QUZ-REG
AMsySZYky7K7EXEEnE_v72bV50bh,LOC-QUZ
AMsySZYlC5d8sOkpB9WzVgAGdHON,HHW-HHW
AMsySZYmk3GIcN-n6FYvvIWDJWDJ,QUZ-QUZ
AMsySZYn9_sFwoChkpmi2QGmoJlG,LOC-REG
AMsySZYnVLLFhPlpzD46ST-VYe0h,REG-REG
AMsySZYp6SFMaQqZ1sMQEq_8iaUA,REG-HHW
AMsySZYpdwG7JZ9nIYckyyB0uQEg,QUZ-REG-REG
AMsySZYqKvHsUT7lyqiw3LmsjD_b,REG-REG-LOC
AMsySZYqVgRc_ZMDSBgtmnJProox,LOC-REG-HHW
AMsySZYqnrqe_6mqMDS0VmLO-NcL,REG-REG
AMsySZYqoMuTWh3YuQkdGgv501NG,QUZ-LOC
AMsySZYr7hrkeGgqTwL848z8W_I7,QUZ-QUZ
AMsySZYrEVJyTcsfT-Aos5UPwqC8,REG-REG
AMsySZYrVVZXFTOPLWL2FQAoClMq,QUZ-QUZ
AMsySZYrsq0P1KvmUvpJ4sZ0cTxr,REG-QUZ
AMsySZYsJh_NkpUFN2Ag9H1PhyOf,LOC-LOC-LOC-LOC
AMsySZYtQV4jGQ_amVVIG1U5sxqT,HHW-QUZ
AMsySZYuHlALP2S8QN7bRvJwRpRf,QUZ-QUZ-LOC
AMsySZYuKdRCLnZrWDRZfpeR2A2B,QUZ-QUZ
AMsySZYwL_cCT_-jKdkAwscvvgzk,REG-REG
AMsySZYwTXmXwdss7Pxx1IdyNwww,HHW-QUZ-REG
AMsySZYx67wnryOZ7jSeF_cggUTg,QUZ-QUZ
AMsySZYxMNRkaBd__dJZzIcskz7C,QUZ-QUZ
AMsySZYxYdLcQQqTQKlSWjw71EOW,LOC-HHW-HHW-QUZ-QUZ-HHW-LOC
AMsySZYxiRWjayE87GqBmpplcKjV,LOC-LOC
AMsySZYxzyIFhIH3hyocddJRcxLH,REG-QUZ
AMsySZYy2bGg2-RMPdO31EVCNXj0,QUZ-LOC
AMsySZYzRfRCwluBvzFRVGJzpww0,LOC-QUZ
AMsySZYzi8WvnPBEE6pfew1ZziHI,REG-REG
AMsySZZ-ETq3h6MrbUIDRkA9U-YT,HHW-REG
AMsySZZ-_4VJFQWWzem3GP8Aejoo,HHW-REG-REG-LOC-QUZ
AMsySZZ-nHaSUxkR_rCmyjgs8Y2P,QUZ-LOC
AMsySZZ0I8TdPPTFwuilTY3CKeRr,QUZ-QUZ
AMsySZZ0SBs2rumRH-LQhYGiby0W,LOC-LOC
AMsySZZ1c0Sf_iqdf0eJEcVTGD5P,REG-REG
AMsySZZ2DHE5iMTfYyMIT6qpbIUa,LOC-REG
AMsySZZ2EULnYU0bKfzzv7cS8aqm,QUZ-REG
AMsySZZ3-zuP8UW40U5bMZvVdQby,QUZ-QUZ
AMsySZZ35ptXIXuM6WFM4_n7YBwH,LOC-LOC
AMsySZZ3DZjPGNTePPWUwvEUvWcF,LOC-LOC
AMsySZZ3F69tyDJ7fSi143TgkkG0,REG-REG
AMsySZZ3HM3JJxV_wiCVvuLRPbFo,LOC-LOC-LOC-QUZ
AMsySZZ3ZxGQA0lDdOdxkaRyLRKw,QUZ-QUZ
AMsySZZ3oi14NAiKW_PE3_ZqxUPD,QUZ-QUZ-QUZ
AMsySZZ4Y8wQ_kUd5nihxKIhn16r,LOC-QUZ
AMsySZZ4_UcPn-5-0hvrmFkpCcFq,REG-HHW
AMsySZZ4z1vzWWsGM2t2HLjx8p0l,REG-REG-REG-HHW
AMsySZZ5-hylJjGBuUPVTrNIzdud,HHW-LOC
AMsySZZ5CZInnNDdtXI3XPkl1ekR,HHW-LOC
AMsySZZ5Hxk-EcCHwyODRv9UyQFa,QUZ-QUZ-QUZ
AMsySZZ5VMbf2Es6BHumw0wFDMMb,REG-REG
AMsySZZ5WUO45Mr2no2ngLVpbeaj,REG-REG
AMsySZZ5eT3f1bq7fUTwDW-88rx5,HHW-LOC
AMsySZZ6heuNAUGxuvuGajkhc3Jr,QUZ-LOC
AMsySZZ6tlEgeA8m0RXEAYBdw-IX,QUZ-LOC
AMsySZZ6yTLiuThVyM4irvIykXv_,LOC-REG
AMsySZZ7IV_7KBDaVD3haXHR5oK2,QUZ-REG
AMsySZZ85WC6wHtgxPY6j73G_X0H,LOC-LOC
AMsySZZ8OBjyaO5INWuzjSFj5eVV,HHW-LOC
AMsySZZ8f-VWglSiU6f9s0S7Q8pQ,QUZ-LOC
AMsySZZ8hyhdra2-WKOWK8rVTQ3I,REG-REG
AMsySZZ8vsTvPT-S5FcEPpBzlPPB,REG-LOC
AMsySZZAPFpzyeovSa_k3DSEA75S,REG-HHW
AMsySZZB8S1ytEzUgJlJtn5T2XD0,REG-REG
AMsySZZBtCHN__9H7ldi-v4EVUty,LOC-QUZ
AMsySZZC5QdWrmi4mEln0gureQBN,REG-REG
AMsySZZCb9hhCimtHJpJlmPUqXLx,REG-LOC
AMsySZZCrysBxS0McxRAogHkmybH,REG-HHW-LOC
AMsySZZDMqWmDJikvd47NIzcbD_K,REG-REG
AMsySZZDlKvxJV43taeDSynFWTey,REG-REG-REG-REG-REG
AMsySZZEDgLAB2bmiWXSTzNbnLpu,REG-REG
AMsySZZEw4XhDdyCzdYImwPTEiQv,LOC-LOC-REG-LOC-REG
AMsySZZFAbo8qB_uYrNvpWXplzmg,LOC-LOC-REG-REG-QUZ-QUZ-HHW
AMsySZZFs8xUKFNFn8XutQprq-6M,REG-QUZ-HHW
AMsySZZGmlLk_3eAG1pjr0PcET0m,HHW-HHW
AMsySZZHFft0zLHLQm1E1uvcsq0R,REG-REG
AMsySZZHFyagzjJ-v-Qv55D6Gevt,QUZ-HHW
AMsySZZHUeCCSAzW_Z7re_oZ3dUE,HHW-LOC
AMsySZZHhKfcRaJd2InBUFLZbvPh,LOC-QUZ
AMsySZZI-4hemy1Rpl36Y8Q_l6jb,REG-HHW
AMsySZZI4m3ygwQmUxM7noK6oo3X,REG-LOC
AMsySZZIDUeHN7OIl1k9ka4G8oBN,QUZ-HHW
AMsySZZILjnzIzP0ZittUuX-1U-A,REG-REG
AMsySZZIV3tICXVOQUhpN96r_l_3,REG-REG
AMsySZZIqp8EsGoT5XGJ0zsTHvec,REG-REG
AMsySZZJ30GXpE9aKc00ohFVjI1g,REG-LOC
AMsySZZJFB6Kw4H15cCBGlD6JqVB,LOC-QUZ
AMsySZZJT-x4xHP0vUqILmKj-_w7,REG-LOC
AMsySZZJXTa4DmSGE8jbgR0rlIE6,LOC-LOC
AMsySZZJpYw8wxtFvzqkPxewwlOI,HHW-LOC
AMsySZZKJtbmb3WAgz9_FgjPFmIA,LOC-REG
AMsySZZKdVLu_LFvouOOBqqembay,HHW-QUZ
AMsySZZKqVOifXFecsHuYnCyGFjm,HHW-LOC
AMsySZZL9UTMn93tkWJVNQv_7wAV,REG-REG
AMsySZZLR9xoY0e0fS1tY3CaSF1B,QUZ-QUZ-QUZ
AMsySZZMUfDAkQTqjhbDpvM008zJ,QUZ-HHW
AMsySZZM_zqaQ0aHihFsS9Idmwpa,QUZ-QUZ
AMsySZZMg57xxNr_hVOIN4WoQWti,LOC-QUZ
AMsySZZMuevawwYAp9ljreRaVypn,LOC-LOC
AMsySZZN4Erf72tw6-VlKJK9cBSA,LOC-QUZ
AMsySZZNpvGXVIvofXqXahWrZzVH,REG-REG
AMsySZZO7ExgcyGRK1vzQvqv5HDA,HHW-LOC
AMsySZZOaSsPlgM37Ny1HxVggT9y,REG-REG
AMsySZZP1z2Tdip1V355FZKxEDnT,QUZ-LOC
AMsySZZP5cQBbqqx3wyhPJgWEFVV,REG-REG-REG
AMsySZZPhdyYVh082SSoKMMciM0e,REG-QUZ-LOC-LOC
AMsySZZPwbFt17pCF_K8khSW8YcG,LOC-REG-LOC
AMsySZZQIE9fnq_DIxgBfx0ErfEB,QUZ-HHW
AMsySZZQRBWmWd9C9fJydb7fRqJ0,REG-REG
AMsySZZR-eKG_C6-IX54u9GGHOOG,REG-QUZ
AMsySZZSeK3pEwl8GQ9ebQBCVMWK,REG-REG-REG
AMsySZZShBWzolLojNPZ9wwoPGZ3,REG-LOC
AMsySZZShIlL-aJ_Cuw9dxRdzLFN,REG-REG
AMsySZZSqnp_2XBTsf_gKOAfNTMU,LOC-REG-HHW-LOC-QUZ
AMsySZZSz7qbHm91qfTIxQ6-NrVt,REG-REG
AMsySZZT3GjJCqDYzerzHMdN5pus,REG-REG
AMsySZZTNBURd1IN2J8qWuQTPhtH,REG-REG
AMsySZZTsPjXtT1khZIfjGv1skcR,HHW-QUZ
AMsySZZTsn39Uj2MHB2pURcCvPpP,HHW-REG-HHW-REG-HHW
AMsySZZTuf5ianLRk1c_20Wiyboe,HHW-REG
AMsySZZU0i5VLj0iTC6DzTAW6L5E,HHW-LOC
AMsySZZUgIy_d51FwQHulCZQ3GNr,QUZ-QUZ-QUZ
AMsySZZW-CnbI9pemYbq19IQiH_p,QUZ-REG
AMsySZZWSKh13DUCOxYAwky69yaM,REG-REG
AMsySZZXGjVbC2CAoRmgNM4sJoEU,LOC-QUZ
AMsySZZXSAriUNduV-pF0XgtCD1H,HHW-REG
AMsySZZXjNsB14IeSw0UD8UCV3Kq,REG-QUZ
AMsySZZYuxvuZKEakpvyaoHp2GDr,REG-QUZ
AMsySZZZ-vTtqknsWpYWr-ZZayQr,REG-LOC-QUZ
AMsySZZZKIYaxl3KPAP4akE_yZaz,REG-REG
AMsySZZ_ltiAj6wYjLEtuB4A4Htz,QUZ-HHW
AMsySZZaYDuZPV4PhRLH_Ww2sSea,HHW-HHW-REG
AMsySZZaytY3RyrXornzkCQggiUB,REG-REG
AMsySZZazzAhMn9lX_gJZLfXeKqn,LOC-HHW
AMsySZZbGFX6d3Z67Mm-GYf9QrVL,QUZ-HHW
AMsySZZc21HGedJpaVIKIr2YWsVW,LOC-LOC
AMsySZZd-s7-mpsq88t2jPtU0HK_,HHW-LOC
AMsySZZdKd0U9l8KvDyntCW84WkD,HHW-LOC
AMsySZZddWmlY-YYaqE3H9487dmH,LOC-QUZ
AMsySZZdl4hChwnAS73CuF23EKOU,REG-REG-REG
AMsySZZdli3TsK2z1HoUZiGegaXz,REG-REG
AMsySZZeAaWWTbcU0lw2gw-irSf7,REG-QUZ
AMsySZZeUfB-RRt9GUfXxvWZeJYf,LOC-LOC
AMsySZZeqex0b0LD1QC_AWXXTX-G,QUZ-QUZ
AMsySZZf-s0MBLtINuNmqOCqy_4d,HHW-LOC
AMsySZZfmuBTfseWAL572N8uUnGL,QUZ-QUZ-QUZ
AMsySZZfzzp4xSUEdrud457lS3q1,REG-HHW-REG
AMsySZZgJaIpvDP9gnffkuk6JBIu,REG-HHW
AMsySZZgSJHMfthFmXSRHVZPRubL,LOC-LOC
AMsySZZgURT6Vi0zK4NygjoCauNx,QUZ-QUZ
AMsySZZgzSBEz6C-AY2UYljsOvPi,HHW-REG
AMsySZZix77-izstLRqCLUs6IGCK,REG-HHW
AMsySZZizIyyaQ_BZkorgQURs0s-,LOC-LOC
AMsySZZj3o6AqvFGXbAR0ei7dN1X,QUZ-LOC
AMsySZZj7zczgn_bDoWUWV6Lct-y,QUZ-QUZ
AMsySZZjQiaFgEhwyZ9P1B80O6hM,REG-REG
AMsySZZjzFfyrRsTjCsr128SFIvW,REG-LOC
AMsySZZkQafJnFG1HOErPXfsVbTj,HHW-LOC
AMsySZZkVuOJRoaqvTv_nMjS3vEK,REG-REG
AMsySZZksQSbcSLLziNQOFei36pU,REG-REG-REG-REG
AMsySZZlVihJp1fxeDY9PhfWpkI-,QUZ-HHW
AMsySZZmTt5esp8FNrp1EtPXAvW1,LOC-QUZ
AMsySZZn5KEk0AZtdZYI5CYzAhwd,LOC-HHW
AMsySZZo8vKsFaWXUI5jfIOlYvPM,LOC-LOC
AMsySZZocryCj2a0GdAw3hLTPm8k,REG-REG
AMsySZZokDSViM-If6hbe-fU_7RC,QUZ-REG
AMsySZZpgot-RfpL7w6RHsw0sb-L,REG-REG
AMsySZZpoeZdeeIw830Chz88TBfl,LOC-LOC
AMsySZZq49MwEMrfC4RRoQCzZBv7,HHW-QUZ-QUZ
AMsySZZq59ed65YU86siaMklQCnc,REG-REG
AMsySZZrQFsVgbQI-aDiKtE7S9BZ,REG-REG
AMsySZZrT3_K0YuZXcTQValhSVSb,LOC-QUZ
AMsySZZrowOrDMPpwobeTFOdt3W0,LOC-LOC
AMsySZZs-DzB0Zdiq-Nc59eXGvZh,LOC-LOC
AMsySZZsApyvm7YOSvhqvHl3U7Lt,LOC-LOC
AMsySZZsL_zqNySn3F8WqwU50Qnv,REG-REG
AMsySZZtGKTvWKPr_CCtO5w8ASDm,REG-QUZ
AMsySZZtPpxqfzJGHAX4joG25n-1,LOC-LOC
AMsySZZtPqaK2aNAwHrKM5-wh743,HHW-HHW-REG
AMsySZZuJIb8wv1DJ6PPScyAaUU0,REG-REG
AMsySZZuhEL-zRiqH4Y5u9JfDL8Y,QUZ-LOC
AMsySZZv9HoC25ndRQRk6JTXR6oT,REG-REG
AMsySZZvSNflG9fFJbk_IxlDyp98,HHW-LOC
AMsySZZvmMBAEjSEN7fXVK8Pb__r,LOC-LOC-HHW
AMsySZZvusP5ewjrBNzr1B_XLYwq,LOC-LOC-LOC
AMsySZZvv35gKGo4YT7OL02Yb5Ak,QUZ-LOC
AMsySZZvzxu9bbStXwmjJpB2rOlJ,LOC-HHW
AMsySZZw9gwqC12XSMKLAeEf8GKX,REG-QUZ-HHW-LOC-LOC-LOC
AMsySZZwO02mfNTcIK6-tRM9uZiQ,LOC-QUZ
AMsySZZwu2jQ3TGN-skticpb51Ve,HHW-HHW
AMsySZZxFDOXXMOzjkaX5zwDm7Cg,REG-LOC
AMsySZZxpqrlVRJKCb-Et-ZFDAlF,QUZ-QUZ
AMsySZZyjyvD3mwmnmVIJwpIJ_XC,REG-HHW
AMsySZZzIn8oBLULh7LPtKt6Nii-,REG-REG
AMsySZZzay9D9Juv6qcwax72lbrT,QUZ-QUZ
AMsySZZzk2qzVpwTeuK-sBrwbV5T,LOC-REG
AMsySZZzwlAq4-185k5yzL2Fe2n3,LOC-REG
AMsySZa-6w45BMqRnLcQxr6JSuxk,REG-REG
AMsySZa-8RFaBa8UDZAr0rElHfpf,LOC-LOC-LOC
AMsySZa-B5VV9qfPCYVMuPe5Mf6N,HHW-HHW
AMsySZa1M8eXjqm_mJh1kRaxrY2Z,HHW-LOC-LOC
AMsySZa2hsvzZr-BdeIGHTekHtf-,LOC-QUZ-LOC-LOC-QUZ-LOC-LOC
AMsySZa4i79hpPPOsVKNT58UqsFE,REG-REG
AMsySZa5FiAVo0kwliWerYzO3r_9,REG-REG
AMsySZa5jcq2yGDgT99gEAVQ2C3r,REG-REG
AMsySZa5sXEzIFL2JFkHs4rG3EZd,REG-REG-REG
AMsySZa6Q6QCZjP3rp71brmpl4-v,QUZ-LOC
AMsySZa6htAYwDqRJBCRPiPAK6Tq,LOC-LOC-LOC
AMsySZa7I0nYWsuOzcEXKX5RvbsD,REG-LOC
AMsySZa7T72EaEk6-_AXfgON_Mxa,LOC-LOC
AMsySZa7zyzbKKfPeLo1oGGdzrb6,REG-REG
AMsySZa8fMS7R2-VtMXgDvQUkNC_,QUZ-QUZ-LOC-LOC
AMsySZa9cFxGH4OFoHTqW8nzk8Ck,LOC-REG
AMsySZa9nfdJhoONNqv86erVeEIK,LOC-LOC
AMsySZaA0vZ1oPbXSVlIyradlu0n,REG-REG
AMsySZaB3yUHLQ62rJ5vn-V9Jdr4,QUZ-QUZ
AMsySZaB5Q5BN9MAtq_Zz86xVQco,LOC-REG
AMsySZaB9Frl6nPN99_VKQFkD1DW,QUZ-HHW
AMsySZaBvB-3ZX26Kqm5QdrczmeG,QUZ-LOC
AMsySZaBvcgtkEfql4y1yl7uDF1h,REG-REG
AMsySZaCckeiKL9iU9D9gDxE4vUG,QUZ-LOC-HHW-QUZ
AMsySZaE5UeJg-tZhwgrvBv3v4sJ,HHW-LOC-QUZ
AMsySZaEsSAbsI1pBWejJirWL3-6,REG-REG-LOC
AMsySZaF7UwKmwCOwNkpcW1OzilY,REG-REG
AMsySZaG8767A0uF4VxkoYFbcBbt,REG-QUZ
AMsySZaGG11VcwL8ktSgt8dN-K34,LOC-LOC
AMsySZaGrXXCoRwWZ9Ii7DH01y6C,REG-QUZ
AMsySZaHefMmcxMzftr62tnll27_,HHW-LOC
AMsySZaHskUGKgLgW6TdlYup-UVf,REG-LOC-REG-HHW-QUZ
AMsySZaIgYwi8VaYtAK6FpzMqMy4,REG-REG-REG
AMsySZaIgnMgFO4x7VGqFFYYl8qA,LOC-REG-REG-LOC-REG
AMsySZaJEqR_EQ9IXxauKkOQCHyU,LOC-LOC
AMsySZaJZ78UECbob9HjS2fshG8E,QUZ-HHW
AMsySZaKHlBgRFRJ6PgXUPG-ZLc2,HHW-HHW-HHW
AMsySZaKiE6uPxwZIzDeA0E2WRWH,LOC-HHW
AMsySZaKv_3GueJdSBPW8TGlxEhz,REG-LOC
AMsySZaKy4TLQu2GmS26XUYEp0_h,LOC-LOC
AMsySZaL7BVv3imDQplV-R-gmlT4,QUZ-QUZ
AMsySZaLNPqsk5qRWmdkLcbFXtLw,REG-REG
AMsySZaLdqceU2MWCOvPkxmZNLcT,REG-REG
AMsySZaMNIUhuOkRzrA_Lx0bDrQu,LOC-QUZ-LOC-QUZ
AMsySZaMT2Umwcg9-1L7qhuPB0oG,REG-REG
AMsySZaMdzQGBCP7IZ4E5nhoD52R,QUZ-QUZ
AMsySZaMzlFGgPavjJVLqNCVQbeO,QUZ-QUZ
AMsySZaN6kpGYT2KVGi-QAV2ATcp,QUZ-HHW-LOC-QUZ-REG
AMsySZaND7_iaXjMsGY4y0gKiHkO,LOC-REG
AMsySZaNP7K42NJB5sbbV_cWwpa1,LOC-REG
AMsySZaNfZ3L-Bi70jqfX36NJJGd,LOC-LOC
AMsySZaNmasYGtYyCH01MwfGKaUp,REG-REG
AMsySZaOSbb0LjgEoHDD9G3F3_iK,REG-REG
AMsySZaObybUL7VVe1crCKn8O7nF,HHW-LOC-LOC
AMsySZaPXbzME4f6wlm00tRbIPn1,HHW-HHW
AMsySZaPgpwFkhsSYeqaQKBMnAFf,LOC-LOC
AMsySZaPkzkZhsDpivBug4Qh6nBf,REG-LOC
AMsySZaPtODfv2rFuwZbasyIUxNC,REG-REG
AMsySZaPv0lppgTgTKCIDe7Wixfv,QUZ-QUZ
AMsySZaQEWU50Sdqkz3biycpchjw,QUZ-QUZ
AMsySZaS50MO-lJPM1H-BatJ9yNQ,REG-REG
AMsySZaSGvcW5aUXZGxOdyXp06xs,QUZ-QUZ
AMsySZaSQhhi71_5uXQ5iRqIP1N1,HHW-HHW
AMsySZaSgfpR8kWdjRuFpWHiRNio,HHW-HHW
AMsySZaSlvMYpIkMPkB8_UXaGMiY,REG-REG-REG
AMsySZaToH4IjjGHGd1nnyO7xm3f,HHW-QUZ-LOC-QUZ
AMsySZaU5EZ_RJAqm5PCwoRy0GfA,REG-QUZ
AMsySZaUC7Wm97dSZqViCGA5RYjd,HHW-QUZ
AMsySZaUC8xBapRnj5AtKxogwv3k,LOC-QUZ
AMsySZaUFMTWREztTbldHSfx5Y1u,QUZ-QUZ-LOC
AMsySZaUhb8pBiwZxao3X6C1bb-o,QUZ-QUZ
AMsySZaWS-NPtyIA2vNCV1PTLidK,LOC-QUZ
AMsySZaXcr8_vyBwbaNlBmCkrsim,LOC-LOC
AMsySZaXgs1DdkDo7PZOXYzCqJpn,QUZ-REG
AMsySZaXyv6Pw4zQV-Zp3aPNAD-F,LOC-LOC
AMsySZaXzrJh8JS-vEpqvh8PSARM,HHW-HHW
AMsySZaYeBxp5mvHnIhm9U0L9-oY,LOC-LOC
AMsySZaZdCBtD5BBv05IXqSGKd2d,HHW-HHW
AMsySZaZzyIC3rUKM9YwOitfO0cY,LOC-LOC-LOC-LOC
AMsySZa_3QKj76b9FMP9gKMnKcEV,QUZ-QUZ
AMsySZa_8tay8lenqGdH-mv6Gszl,REG-REG
AMsySZa_AbAoetpXe-0_HgnC2pLq,REG-REG
AMsySZaaA_7S8iWuVPloAZQi3ZA-,LOC-QUZ
AMsySZaaAcpNubH0fgUlLGzuRu0u,REG-LOC-LOC-REG-HHW
AMsySZaaMyjfxxQbTztOhKKlL9Lw,REG-REG-REG
AMsySZabf9keeavflQx-FjwS6P62,HHW-HHW-REG
AMsySZac1PtBqt0PT97dDm4Gv0fd,REG-LOC-HHW
AMsySZacQv5PwrYJsoUEZ9tXSEtq,LOC-LOC
AMsySZacvINxXJ3LKnRSjNaR9AA0,QUZ-LOC
AMsySZadWVxBLS7YfFzK0-4BEcWy,REG-REG
AMsySZadXNZdJlvO_5cN_HGFy6uK,QUZ-HHW-REG
AMsySZadZroUV2t5Yg5e4syqQSB-,LOC-REG
AMsySZafDBIA96k2mZThSoKgQ1JZ,REG-REG
AMsySZafpUo9cp8l0du5AqB-AzXh,LOC-QUZ
AMsySZafy5amMk2nje-4L1unHDhg,REG-REG
AMsySZagAbBgk0QOJ26xh4JKTnKA,QUZ-HHW
AMsySZagIdVGuGF-WEV5SRwKjVAV,HHW-LOC
AMsySZag_Ee8qSSb0RQ9zxW5i1zr,HHW-HHW
AMsySZaheCTVJImLG8wnA0s2u0J5,QUZ-REG
AMsySZaipEvK3BEnB4XruVdCxpLb,REG-REG
AMsySZajAFsw7Y9KIy2vaUFBhWRG,LOC-QUZ
AMsySZajMOJB2mkl6vbq6Hmv0mKH,HHW-REG
AMsySZajh5mSqZRSxAHZiFor1cpr,LOC-LOC
AMsySZajo6bBZlihaanwwVNxns1Z,QUZ-QUZ
AMsySZak2_I7_5yEt0uR0xhSCUxN,HHW-HHW
AMsySZakGtI32Cqqn6zSj5XICmYb,QUZ-REG
AMsySZakLN43BaRozbjlO49d5piW,QUZ-QUZ
AMsySZakbGPssvvr64mmgxPyOoSA,REG-REG
AMsySZakef16fmIixbTuPUqq8kJB,HHW-LOC
AMsySZakpvdGOZhw2sMg8hJcjiq9,REG-REG-LOC
AMsySZalBGiTAJBDcxenwZ4lGBHB,HHW-LOC-LOC
AMsySZamLMmaVbUxdQ3i3ZcXc-oY,HHW-REG
AMsySZan9KpUSiO3ncepvmMlCLkx,HHW-LOC
AMsySZaniFJpEJSlKgFOaQ1qjhky,QUZ-REG
AMsySZanj0vEXFdFu5qVM86JQ22o,QUZ-QUZ
AMsySZaopZbScyi7Sn8IJPaqpLhr,REG-REG
AMsySZapd9Q1cTFRApWPTv8KAxFn,REG-REG-REG
AMsySZapdwwQQzRz-Ui6Z2V3mxSC,REG-HHW
AMsySZaqH6b2tpRoaTisKsuf223s,REG-REG
AMsySZaqHkajCvN0LP8qeXDKzHn5,REG-REG
AMsySZaqdYkc_vKZJoSCR2dQvbZa,REG-LOC
AMsySZaqhemWmT6ig67z6_OLFOYB,LOC-HHW-HHW
AMsySZar52EQmjm7kZPv-AWemWRU,REG-REG
AMsySZarHZdv6xZ3fGbIMt9MAzmM,REG-QUZ-QUZ-REG
AMsySZary12f7eBBM6JGXxwh21qm,HHW-LOC
AMsySZas5T2E3vFbdIioftJPneON,REG-REG
AMsySZas5YwfnivNWwV8ek7FF86p,REG-REG
AMsySZasKm0rCUSbzdbjfVva4wk9,LOC-LOC
AMsySZasZrEj37xoo2OqBXasJQYf,REG-REG-REG-REG-REG-REG-REG
AMsySZas_o1QBFRjadwguOnmMR-b,QUZ-QUZ
AMsySZauCAcATDBHgzvZKz_pG2Q-,HHW-REG-HHW
AMsySZauCCSwqxW2XVPJLvW_vkqv,REG-HHW-LOC-LOC
AMsySZauQvafhMUPDFN5mFa07maZ,LOC-LOC
AMsySZauXh77xi1hlGVjB2yY9uF7,HHW-LOC
AMsySZavq5HRJKFdF2QM75-By1_5,HHW-HHW
AMsySZaxMd2ILNJ4FhV0N5TGFcEy,QUZ-QUZ
AMsySZaxSrMBtrotbENKkUB2c17W,REG-QUZ
AMsySZaxfA-f-_9LoLNBRctxWPAk,LOC-LOC
AMsySZaxsJQ1fXhHW70gWma170XZ,REG-LOC
AMsySZayPeS4x4zlAeQzuEHKTzUy,REG-REG-QUZ-REG-QUZ-REG-QUZ
AMsySZaz3PhHaaZiDN4fM2vVD-OV,REG-HHW
AMsySZazRYGZE3qVggJYZtDtnIKt,HHW-LOC
AMsySZazzAjZ-SG96mWhrEZiF0CV,QUZ-LOC
AMsySZb-6VRefpdnAY6qSMd3xGdQ,LOC-LOC-LOC-LOC-HHW
AMsySZb-mfZlY19Tryifv_od_ebc,REG-REG
AMsySZb12VYYZyAYDqv9j0J_4Zbf,REG-HHW
AMsySZb1MgMfnfDvxYTsTbCMupib,LOC-LOC
AMsySZb3I2jGtx2_4NyNVqP7Rzgr,QUZ-QUZ
AMsySZb3TzyHXWGyemdbv4kk22-I,REG-REG
AMsySZb3hYZ1I5nDZ3St-jOvJ08g,LOC-LOC
AMsySZb3vDCIaVFrbiYd7LvLHkJT,HHW-HHW-LOC-LOC
AMsySZb3xtbEmJGlv9-vrYYjo-1e,QUZ-QUZ
AMsySZb3zMIZZdS1JdxNy9PqrR0-,LOC-LOC-LOC-LOC-LOC
AMsySZb50bQwRTGJzCAdj-Xx2MES,QUZ-LOC
AMsySZb5N-5EVQFdQ2SLB820eJtq,LOC-LOC
AMsySZb5_xGPnddNkAK0gsqiLjOt,LOC-REG
AMsySZb5pDpPjCk3BFIVcJ-t4IuD,REG-QUZ-HHW
AMsySZb6cUvBd64feG4xd9tmujpk,LOC-REG
AMsySZb6ttD5i1-ihqNwCQcMyG3R,HHW-HHW-QUZ
AMsySZb6uhGGO1gqw79kN0POZI6J,LOC-LOC
AMsySZb72oAPBFCgUVNxE_2ZFU0Q,HHW-LOC
AMsySZb7aAp6f4ImgILOp1mZ7u4H,QUZ-QUZ-HHW
AMsySZb848mVyUVQeJofJVj26ENj,QUZ-QUZ-REG
AMsySZb8btlhs0nO_6wVT862D3NP,QUZ-LOC
AMsySZbA9CySc-P8LFqnfGZ8cmt0,QUZ-HHW
AMsySZbCB9ncXDJMHQ-cKW6aTeBC,REG-REG
AMsySZbCgg_vSMnobCypsY76o-I7,REG-REG-REG
AMsySZbCjxKJqj_hXsaZ5CELIu7A,QUZ-LOC
AMsySZbDItrnK9qD2rceghgoo160,REG-HHW
AMsySZbDLv_hDKZrbXFKzUblH_fr,LOC-LOC
AMsySZbDOffNYr6q0mny88eC_tSP,HHW-LOC-QUZ
AMsySZbDQadbiH36dlwiDzsao2Yy,LOC-QUZ
AMsySZbDbhuNsSY5NDFRBcbKQHVD,REG-REG-REG-REG-REG-REG-REG
AMsySZbDk2EEcDD0aERpm5g_2OxG,HHW-HHW
AMsySZbEElyUI02B4_LM4oFU4I4J,QUZ-QUZ
AMsySZbEbIGhR2NtS2EX9AGwyLeh,REG-REG
AMsySZbEsF8w-rf-cb72FILGMUn0,HHW-REG
AMsySZbF3o_Qh4rYReofEWrUVHPB,HHW-QUZ
AMsySZbFNjhK44C0XCbuYegTr__1,REG-HHW
AMsySZbFQ3g5dOIqSuxHTut0mXu6,REG-REG
AMsySZbFSRL1w_Vf9rgrjN5dphLg,REG-REG
AMsySZbHThq6BRF-250LiPTA50T-,REG-REG-QUZ
AMsySZbHZdOXntX8507pOY1Z5TQl,QUZ-QUZ
AMsySZbHeLNBCG0S710AeAcjLrY0,LOC-HHW
AMsySZbHlCYubI4lQehSN8x--mRQ,REG-REG
AMsySZbHpa7yHPkoiSswNfhn_NBA,QUZ-QUZ
AMsySZbHuqkKhee2J3n9r8_WUkCL,HHW-REG
AMsySZbI0G5PUwQr-T1TGChMmItk,REG-LOC
AMsySZbIMuomfnnNkA00-q2WsZwb,LOC-LOC-QUZ
AMsySZbITqwxYcfHQGUoWvc3wx-7,REG-LOC-REG-REG-LOC-HHW
AMsySZbIggp3oGie3D4DkK8pLysf,LOC-REG
AMsySZbJ0lRHF9ueLtEsUQZanLBI,REG-REG
AMsySZbJPpvsqFZxBVlnt47aJyYg,QUZ-QUZ
AMsySZbJRbwsz_DBufu0AUYTK7kU,QUZ-HHW
AMsySZbK3Z-hSnR_AuIpKO22JbFB,QUZ-QUZ
AMsySZbKMSBho_tQRUHQ7KN1dB8x,HHW-REG-LOC-LOC-QUZ
AMsySZbKRTbL4X1xY6pzBeiMkiRL,HHW-LOC
AMsySZbKkLyeGiFwPl-lQq9qYiF4,REG-HHW
AMsySZbKxuqN52a1r_5Q63BJ-Mb0,LOC-QUZ
AMsySZbLLtlejhIAVtpBnryKcDnJ,QUZ-QUZ
AMsySZbLWHQGXvpby7tc3UbWkvTm,LOC-QUZ
AMsySZbLkPiNcPkvbc2nG3_eRJ2T,HHW-QUZ
AMsySZbLmHjdplTScPIvCi6uDOvl,LOC-LOC
AMsySZbM18woJo-D9hSkgb76kc1h,REG-REG
AMsySZbM4S_E7qInkzKM5ZdTPhR_,QUZ-QUZ
AMsySZbM6EycXN4V_oEcA46SuYDU,REG-QUZ
AMsySZbNRizffEj1MNuvtuSIQoPU,LOC-LOC
AMsySZbNzVkjb8H5LeiVWXIREar7,LOC-QUZ
AMsySZbO7gUqCUitV-m0-MmrvXIc,REG-REG
AMsySZbOGkKj5CPAyEvO7Cn1eUWr,QUZ-QUZ
AMsySZbP3sKlSFJDRQ_qb5obmZeE,QUZ-QUZ
AMsySZbP5LIMtk2aNQP1_8pplZxc,LOC-REG
AMsySZbPcJhpq7urhaJySfhp-twM,LOC-REG
AMsySZbQRKrIOfC1_vmsGKryA4I0,REG-REG-REG
AMsySZbRMaH3D8i0OZG8JdMEGual,HHW-QUZ
AMsySZbRNxO75U1Oa41SnnuanE02,LOC-LOC
AMsySZbRTg03jpf7GfUavN1ZOITa,LOC-HHW
AMsySZbRrcYYMN5NhRYU-gY-DkSB,HHW-REG
AMsySZbS6YnNpzQeE9ThH0AD9CgR,QUZ-HHW
AMsySZbSGCFmU70qHDyCJHpnmpLV,HHW-LOC-LOC
AMsySZbThTP3_CK3x1K2krn2AAK9,REG-REG
AMsySZbTq25yM2XUo_o3kFUhVJD2,REG-QUZ-REG
AMsySZbUHIO5pI5RHi0kY29TD9Zb,REG-REG-REG-REG
AMsySZbUvBlhGZNAYTC9O9u_DnYu,HHW-HHW
AMsySZbVGSSGZ-Fm8GLxW0auRqqr,HHW-LOC
AMsySZbVo0i4UqEep3Fig9fRwcrP,QUZ-LOC
AMsySZbWm_FSHGxCStyWrUBRzHQy,REG-REG
AMsySZbWppMrqkpaG8ZgNIqRKFkr,REG-REG-REG
AMsySZbXR932zomtbvMzlaK8UBDS,QUZ-QUZ
AMsySZbXdjP-_Zxj3EnlaQ-df4YW,QUZ-REG
AMsySZbYQyw4YePqUpi099RA66nS,LOC-REG
AMsySZbYf5KIDMOvko5jfvEhMmtR,HHW-HHW
AMsySZbZ0VM-19MKvmIghMTvMmCA,REG-REG-REG-REG
AMsySZbZXU819NfJherpfqnMAfb5,LOC-HHW-QUZ
AMsySZb_BJIH9k_Yg-Vb6O1j5Sw6,QUZ-HHW
AMsySZb__k4E_1UNZ9iAx9ahAecw,REG-REG-REG-REG-REG
AMsySZb_h4JbhNZvpgfhdQsjmPiE,REG-REG-QUZ-QUZ
AMsySZbbGE4nzQSFsmu77FCZfiPS,LOC-LOC-QUZ
AMsySZbbLJf13tEbMjWGQGzUckkk,HHW-LOC-HHW
AMsySZbbRaXHYXYgqwRrcuOmW-E5,HHW-QUZ-REG-LOC-LOC
AMsySZbbdd_8jPaEkBqnSVPXYVQf,QUZ-QUZ
AMsySZbd1LmE8z4zo4pKpKVe6g1t,REG-HHW
AMsySZbdUEWJgb0B3MMewg3IImKN,QUZ-REG
AMsySZbdejQQOnEYKVMvzT07aREp,REG-REG-QUZ-LOC-QUZ-REG-REG
AMsySZbeAQ6buAusRzmYfvX-u6o9,REG-LOC
AMsySZbfFRWIkDDno0aTWu62tIm8,QUZ-LOC-REG
AMsySZbfFp_7Ir6pH9cEhtZyn8DA,QUZ-QUZ
AMsySZbg2zqo6eOHnmdVJk38gnu8,REG-REG
AMsySZbh-eR1f6OXL90jXsTWEI72,REG-REG
AMsySZbjAtRP7Bb03tv2Tr8lWH7S,QUZ-QUZ
AMsySZbjAvqtXUxv2uA-_vJ69EKB,LOC-LOC
AMsySZbjN2jxMPzRW6QFW1k1MHb3,HHW-QUZ-HHW-QUZ-REG
AMsySZbjYpnN3QN0qn35lZO41u5J,QUZ-QUZ
AMsySZbk1e0nGWTyTqJtWeIGoR80,LOC-LOC
AMsySZbkAPFlYATxATIl7FFjuHzG,HHW-LOC-HHW-REG
AMsySZbkGze2AU8H1aqlol6NeY2N,LOC-QUZ-LOC-LOC
AMsySZbkPkwoUuD_IbGNHeXXBI4A,LOC-LOC
AMsySZbkSEpe-T4Cd7A29TYRxDjA,LOC-LOC-LOC
AMsySZbkSPvOPFKjswv7SqO7SNYk,HHW-REG
AMsySZbkizAtwYeG0DjoSbgvax89,REG-REG
AMsySZbl5WldJ1gKcE_lNFbBVd2y,REG-REG
AMsySZblPUCM0WRAtOhtWexqSR2e,QUZ-QUZ
AMsySZbm5mTl9QHnRaXdvpq_j_yi,QUZ-LOC
AMsySZbmkrAjBhSjBGQoSdFQHSHN,REG-REG-REG
AMsySZbmt9dF6oGMa8YiI38lyZVu,HHW-LOC
AMsySZbnNRDvHt_ii5-HC7sIENlm,REG-REG
AMsySZbntkiBCo4AnFsdHwlMp_dk,REG-REG-REG-REG-REG-REG-REG
AMsySZboPKb7wn3zSnKxjqM0q3gx,LOC-LOC
AMsySZbooJvx892i_b9_d3qHi0Xz,REG-REG
AMsySZbowHPmZIlOCk2DP4-JEsZL,REG-REG
AMsySZbpOc9VUVIrYI7kyc4dDwj9,LOC-LOC
AMsySZbs0TLOKnYFkGzfR-ruYmFt,LOC-QUZ-REG-REG-REG
AMsySZbsGzOxN-q79Xcy5Uoc-F2R,HHW-HHW-HHW
AMsySZbsnvBS3roBlAjdAno8LItV,LOC-REG
AMsySZbt4Ozvuh8i8woJQzE9dMRi,HHW-HHW-HHW
AMsySZbtWFtY6Gb8eLwkPEvhsn2T,REG-REG
AMsySZbu903rhltAzHZuk02r2Y5f,REG-REG
AMsySZbu_Q6p8kRlGgF6rKX3B6eL,LOC-HHW
AMsySZbv7D9telhrP-WzXWeMNd2-,LOC-QUZ-LOC
AMsySZbvFtVzVMRHtq8HgLCjZA-s,HHW-QUZ-REG
AMsySZbw_eIoeyPtzrb2HkjWjhCt,QUZ-QUZ
AMsySZby1xNZzx8vbp_6a1N-gY0T,QUZ-QUZ
AMsySZby5AG8bZPpbDzIq02CoqvP,REG-REG
AMsySZbyEPOvsBICVt5WG6YzBtzN,REG-REG
AMsySZbyJXGicF8dUCbVsoHSxYH8,REG-LOC
AMsySZbzovVxNEBR8_NeFcZdNkWw,REG-REG
